Titre;janv-00;janv-01;janv-02;janv-03;janv-04;janv-05;janv-06;janv-07;janv-08;janv-09;janv-10;janv-11;janv-12;janv-13;janv-14;janv-15;janv-16;janv-17;janv-18;janv-19;janv-20;janv-21;janv-22;janv-23;janv-24;janv-25
Total;92,5762;93,7755;94,2645;95,0626;95,2266;96,3739;97,618;97,7176;100,0885;100,2278;101,2538;101,5358;100,7342;100,4625;100,5172;100,0294;98,7624;99,107;99,8406;100,3998;100,6029;100,0553;101,705;105,0435;106,3866;106,8138
    Alimentation et boissons non alcoolisées;93,821;95,1739;99,3508;98,8467;101,2015;100,5928;99,6523;100,4207;102,3679;104,4563;102,6274;99,7026;97,4584;98,4693;99,5418;99,8508;98,4491;99,349;100,388;101,2391;100,2553;99,9883;98,4684;104,0025;106,4301;105,3077
        Alimentation;93,1732;94,5016;98,8883;98,2313;100,7657;100,1744;99,3136;100,1808;102,1855;104,2991;102,2789;99,4252;96,6277;97,8296;99,2316;99,4266;98,2149;99,2436;100,1678;101,2775;100,1624;99,8155;98,2757;103,8223;106,1015;104,839
            Pain, farine et produits céréaliers;98,3955;97,9166;99,5738;100,0704;101,9009;102,6133;101,1023;100,8488;104,4435;105,9555;105,1182;103,6939;101,5057;100,7348;100,4845;101,095;101,0651;100,675;100,9321;101,335;100,4665;99,6753;98,8553;107,8336;110,2108;109,7658
                Riz;85,4913;85,058;85,7116;75,6154;83,832;84,413;76,0934;78,4246;82,1012;89,9085;96,3185;84,7345;88,2536;84,4098;91,8521;104,5278;104,2233;102,9051;99,7733;102,9104;101,1733;97,9983;93,6656;110,2159;111,368;108,7045
                Farine et autres céréales;103,4471;99,681;97,1929;96,7969;98,2611;98,5099;99,0546;100,4883;106,5414;108,4063;105,3515;103,3637;100,449;99,6402;100,3136;99,0275;103,441;100,1118;101,6882;100,0246;97,1624;100,0638;97,2255;105,466;108,3953;109,0118
                Pain, pâtisserie et autres articles de boulangerie;94,9584;94,2384;95,8135;96,6424;98,6548;99,8275;98,9758;98,5616;102,1053;102,929;102,6358;102,2837;101,2273;100,3721;100,1263;100,8181;100,9048;100,7696;101,001;101,4937;100,9542;100,3825;99,1564;108,6423;110,428;109,9971
                    Pain;97,2284;94,4471;95,8418;96,4983;97,5464;98,0701;98,1894;97,0364;101,7234;103,6877;102,4328;101,8951;102,4685;101,7341;100,4023;101,1019;101,5477;100,29;101,2051;102,0728;101,3336;100,6947;99,8046;110,7027;110,5138;109,3672
                    Autres produits de boulangerie;93,2087;94,0699;95,7906;96,7426;99,528;101,2239;99,5421;99,674;102,4118;102,4351;102,8344;102,6038;100,4126;99,4822;99,9625;100,6439;100,5031;101,0556;100,8779;101,1533;100,7287;100,2008;98,7569;107,4901;110,3073;110,2381
                        Produits de petite boulangerie;84,0955;85,5878;86,6259;86,5702;91,6408;92,365;92,2555;93,7647;98,1009;101,4252;102,2069;102,4258;101,7749;101,9468;101,2909;101,5635;103,2794;103,0519;101,9394;102,7916;100,4212;99,5316;99,0439;110,9001;112,7718;113,144
                        Viennoiseries et produits de pâtisserie;87,4836;88,2664;90,8446;93,3126;92,9114;96,2285;96,8242;96,911;99,7551;100,559;99,8996;99,6715;99,5809;98,4832;98,7251;98,8444;98,7001;99,3664;99,8241;100,0678;101,0563;100,5828;98,4461;106,3439;109,8193;109,0466
                        Produits de biscuiterie, biscotterie;115,0236;113,5589;114,2541;115,584;115,1265;115,9551;109,0073;108,0249;109,2522;105,7809;107,2447;106,6745;100,656;99,2424;100,6734;102,3584;100,8663;101,8087;101,3997;101,3202;100,5802;100,1933;98,8869;106,5646;109,2608;109,7104
                Pizzas et quiches;...;...;...;...;...;...;...;...;...;...;...;...;...;...;...;...;109,3561;106,0579;105,168;108,0121;102,7688;97,4806;97,2921;104,8237;102,8863;106,144
                Pâtes alimentaires;109,8213;111,4086;118,0476;115,2611;116,9023;114,4182;107,3893;107,7609;109,999;117,3773;110,2258;107,2043;98,6515;99,9524;98,5853;94,939;96,3937;96,6997;96,7076;97,3709;97,1279;94,3703;98,427;108,1155;114,9508;110,8113
                Céréales du petit déjeuner;...;...;...;...;...;...;...;...;...;...;...;...;...;...;...;...;105,7323;104,357;106,0999;105,3733;104,3967;102,6493;104,306;104,592;109,9109;113,9937
                Autres produits céréaliers;111,8805;112,9133;112,6936;116,6703;115,121;114,6966;113,6324;112,6251;116,3136;115,7734;114,9882;110,4455;104,3475;103,3271;101,4183;102,6269;97,8256;98,5398;99,7347;98,2258;97,1814;99,2463;96,3914;103,3782;105,9525;105,886
            Viande, produits à base de viande, préparations de viande;81,7557;85,8928;89,493;90,8706;92,8052;93,819;91,3153;92,1141;92,9223;97,2079;94,2049;91,7024;90,8884;91,3956;94,2302;94,8586;94,732;94,5535;96,2423;97,3943;99,5572;99,6699;97,6257;100,4984;101,3724;101,5212
                Viande, fraîche ou congelée;80,8153;82,2313;86,7724;87,8212;90,5147;90,1926;89,5747;90,7159;93,8515;96,6051;94,3121;91,8714;91,7281;94,0325;95,4322;94,7381;95,2632;95,7937;97,9307;99,3612;100,2041;99,6136;99,9646;103,4543;104,6308;103,045
                    Viande de boeuf et de veau;69,5029;68,0192;73,2805;74,7022;78,0802;77,7866;80,025;80,7836;83,914;87,6876;85,7472;84,3776;84,3104;86,8148;89,1625;90,2949;92,6018;93,838;95,1566;96,7775;98,5522;100,75;101,784;105,6167;107,1052;105,1928
                        Viande de boeuf;69,8488;66,5578;71,9124;73,7733;78,8687;78,5476;79,7399;80,3372;82,964;86,3392;83,8128;82,9881;83,7627;85,9837;87,654;88,6447;90,6865;92,508;93,6677;95,4735;97,4905;100,3205;101,1488;104,8539;106,6748;104,0078
                        Viande de veau;71,3766;73,5682;78,8561;78,9229;79,3183;79,0365;83,5932;84,656;88,9482;93,7031;93,3161;89,4277;87,3895;90,355;95,4728;97,0761;100,2323;99,9876;101,8766;102,8696;103,3804;103,0533;105,9129;110,9889;109,9409;112,8774
                    Viande de porc;88,6118;92,9097;99,3404;97,1428;102,5804;99,3571;94,575;93,6706;99,9505;102,3971;98,4032;92,2655;90,5845;96,0586;97,0581;90,8609;93,1786;93,7491;96,4049;100,1274;102,1428;99,1702;93,4001;91,9868;97,2542;98,8789
                    Viande d'agneau;69,4488;70,6671;75,9762;77,3605;77,0327;78,7215;81,6465;83,9413;87,571;91,3216;92,2435;92,5026;94,0046;96,3844;96,6137;96,0553;95,2632;99,2163;102,1631;104,1673;102,3848;100,0239;107,6388;112,3894;110,8099;109,2642
                    Volaille;99,8659;102,2521;102,123;107,8352;107,5035;108,2727;104,9473;108,2843;107,0378;105,9604;104,7274;101,4168;102,1107;101,391;102,8941;103,1999;100,2469;99,002;101,5481;101,0453;100,4589;98,2733;99,9196;105,715;103,865;101,0149
                    Autre viande fraîche;80,19;83,4662;87,6069;86,2984;88,4839;89,5285;89,9197;91,9439;95,2528;99,6743;96,179;97,125;97,0433;99,0487;98,7357;99,9906;98,9525;98,1949;101,8732;102,1705;102,3446;99,8751;99,8562;107,9144;112,8158;107,3276
                Produits à base de viande et préparations de viande;82,9857;91,2581;93,5049;95,4225;96,2175;99,223;93,9641;94,3949;91,7094;98,3022;94,2662;91,4822;89,6143;87,3752;92,3597;95,0651;94,078;92,9809;94,1507;94,9395;98,7743;99,7381;94,7996;96,97;97,5085;99,733
                    Saucisses;76,4951;86,9158;88,6119;90,4832;90,4944;93,9221;89,6604;90,162;86,1364;93,8999;90,8873;90,7196;87,6342;84,4214;88,6317;93,4732;91,7707;90,6467;90,921;91,7089;97,6964;98,9651;92,6144;93,4874;94,8672;96,3447
                    Charcuterie, autres produits à base de viande et préparations de viande;90,3501;95,5578;98,5511;100,5504;102,3243;104,7488;98,3065;98,6066;97,6678;102,6011;97,3883;91,3861;91,0843;89,9068;95,6965;96,0483;95,8594;94,7758;96,6721;97,4613;99,6548;100,2964;96,3827;99,5753;99,4385;102,0011
                        Charcuterie et autres produits à base de viande;92,6826;98,1192;101,2187;103,2651;105,0899;107,6527;100,5954;100,4628;99,1653;103,912;99,3853;92,7361;90,6694;89,4758;97,107;95,629;95,3978;93,8275;95,8989;96,5468;99,8989;100,2728;95,295;98,3805;97,8105;101,2312
                        Préparation de viande crue prête à cuisiner;...;...;...;...;...;...;...;...;...;...;...;...;...;...;...;...;97,0074;97,9361;99,2642;100,5348;98,8259;100,3536;99,142;102,5745;103,9214;103,3076
            Poissons et fruits de mer;91,081;94,294;97,5929;100,6733;99,7072;100,6247;101,2153;102,7176;104,4229;104,9681;99,0387;96,6568;93,7564;93,1921;95,2316;98,3122;95,5574;98,6833;101,1572;100,522;99,3649;100,4524;99,1498;105,3576;109,751;105,8717
                Poissons frais;79,7545;84,6435;87,7372;91,2237;90,2238;91,8167;95,6928;99,5505;103,249;103,0547;98,3843;97,3865;90,7985;90,8224;91,2304;94,5149;91,9384;95,7118;97,5728;100,5113;99,6672;101,1619;99,7223;109,3775;111,1373;108,1139
                Poissons congelés;108,0086;109,6974;113,2106;114,9865;115,1674;115,0446;113,1744;111,9238;109,4631;113,5567;108,8048;103,4045;98,5644;97,9096;98,6195;102,3446;99,8172;103,7884;102,7934;101,3023;100,3281;102,5034;100,9355;104,3597;108,7405;103,3669
                Conserves de poisson et poisson fumé;109,2491;108,8876;112,6153;115,7358;114,0191;114,0027;107,5806;104,5706;104,5405;104,1359;93,9079;91,1931;98,0264;96,4284;102,5618;104,5891;100,9796;102,0037;108,3076;100,2365;98,223;97,8224;96,8736;97,0843;107,0834;101,6971
            Lait, fromage, oeufs;101,1568;101,2951;103,2109;102,8816;103,2507;103,6071;101,4078;101,256;102,4629;104,703;102,6494;100,5209;99,1202;98,025;99,1753;100,9704;98,7108;98,0176;99,085;99,8119;99,8227;99,9485;99,8991;108,046;110,0237;109,6819
                Lait et yogourt;98,2233;98,4421;100,0323;99,0822;97,6944;98,1042;95,4314;95,4688;98,4097;100,341;95,5132;95,856;96,3852;96,037;99,329;99,5909;99,189;98,2699;100,1501;100,4475;99,8643;100,5641;101,1943;109,7288;112,2334;111,9417
                Fromage;99,7216;99,7874;102,2007;102,6915;103,2394;103,4893;101,7983;101,7663;102,0387;104,3478;102,8525;100,9552;99,578;97,0028;97,8371;101,2914;97,824;97,2704;97,7337;99,3469;99,1496;99,3406;99,1456;107,0017;109,1216;108,0061
                    Fromage à pâte dure et mi-dure;94,4113;94,5753;97,0288;97,5699;97,8913;98,7104;96,6426;96,7217;98,1052;101,323;100,2661;97,7236;97,6012;94,6582;96,1793;100,7945;98,2175;97,696;96,8446;99,1887;99,0194;100,029;98,7726;105,8761;108,2244;106,6118
                    Fromage frais, à pâte molle et fondu;108,4937;108,3484;110,8768;111,3062;112,1537;111,458;110,3862;110,1606;108,6234;109,5118;107,4123;106,6999;103,0329;101,1627;100,6958;102,1869;97,1427;96,5279;99,2651;99,6198;99,3693;98,2461;99,7428;108,8208;110,4766;110,53
                Autres produits laitiers;105,5693;105,2836;107,1744;106,7953;106,5666;107,2337;104,4133;103,9258;105,184;107,2511;105,2307;101,6602;98,47;99,2791;99,8818;100,3449;99,6135;98,402;100,3877;99,8606;101,7829;101,0539;101,0378;107,9037;108,6936;108,9416
                    Boissons et desserts lactés;101,8401;101,5665;104,1174;104,2499;104,5366;104,9674;102,5919;103,1482;105,3356;108,3156;107,4005;103,9551;101,148;101,8905;102,4672;102,618;102,0011;101,4527;102,4396;101,6585;102,192;99,9858;100,4842;104,0249;105,2827;103,9772
                    Crème;121,3938;121,2404;121,2736;119,3744;117,5962;119,0261;114,6549;111,6589;110,8666;110,6297;105,3758;101,5966;97,2946;98,3396;99,0793;100,4227;97,3758;95,7028;98,3691;98,2673;101,4164;102,0487;101,549;112,0593;112,2702;114,543
                Oeufs;98,3981;99,7608;99,834;96,7542;102,5614;102,2831;100,4708;100,0403;102,4101;105,5039;106,356;102,4502;102,4119;102,294;102,7387;102,8036;100,5044;100,4709;101,0184;100,3302;100,3235;99,9193;99,0686;109,0355;110,7686;113,2573
            Graisses et huiles comestibles;87,7665;85,9202;90,5898;90,4421;91,3857;89,4282;89,9122;90,4847;92,264;96,7656;95,5477;90,5862;93,6842;94,8768;96,8697;96,8333;96,0964;95,1122;96,7094;98,235;98,7874;99,9001;102,3784;116,0765;118,2058;120,2255
                Beurre;82,7797;81,7162;87,5801;87,4837;88,4138;85,0724;83,8659;83,7107;86,1911;92,3669;90,9767;87,5575;89,5924;90,9208;93,1606;93,0433;92,6257;91,2498;94,7886;95,723;96,958;100,9866;103,1404;115,7988;116,954;114,857
                Margarine, graisses, huiles comestibles;93,8423;90,9064;93,7222;93,544;94,4984;94,0689;96,3414;97,6998;98,6923;101,6222;100,5555;93,9608;98,1714;99,1756;100,8199;100,9031;99,7743;99,2694;98,8014;101,0342;100,8517;98,7991;101,6578;116,2858;119,6448;126,0521
            Fruits, légumes, pommes de terre et champignons;95,2342;94,2289;107,0437;99,3022;106,508;101,2723;105,2897;109,0272;112,9869;112,2434;108,6822;102,6211;95,1014;101,571;104,1273;100,6394;98,1718;103,7879;104,1429;106,9713;101,1485;99,4655;95,4589;98,8876;102,393;96,3256
                Fruits;85,8091;87,4309;94,01;93,2718;98,9671;93,2059;96,1434;101,3264;101,0476;103,5347;101,224;93,0915;90,2161;93,5742;95,0498;97,4881;95,4903;97,7487;100,8765;101,4426;98,1198;98,4089;94,6961;97,7991;102,4475;97,4744
                Légumes, champignons et pommes de terre;103,4017;100,2494;118,7471;104,5419;112,9525;108,259;113,0349;115,7995;123,3961;119,9117;115,3044;110,9744;99,4827;108,589;112,118;103,4044;100,4894;108,9311;106,9344;111,8048;103,7925;100,3358;96,1001;99,7533;102,3143;95,3444
                    Chips et snacks;...;...;...;...;...;...;...;...;...;...;...;...;...;...;...;...;103,0148;103,7313;102,219;102,5188;101,3313;101,6166;98,9632;102,4536;108,3223;107,3241
            Sucre, confiture, miel, chocolat et autres aliments sucrés;93,7453;93,9551;95,0274;95,3571;99,6545;99,2549;96,3671;96,0536;96,5432;100,0357;103,2451;101,5015;97,5968;99,417;98,9369;101,0705;100,738;101,1726;101,7629;101,8425;100,2854;100,9091;100,7205;103,6526;106,5864;112,3111
                Sucre;106,9827;110,2521;115,4766;114,8291;114,1813;114,3069;113,075;112,7291;114,4764;115,2377;113,793;108,761;106,7158;111,4934;110,6708;109,74;106,1392;102,716;105,5098;105,3605;99,1563;101,5338;102,5604;118,6045;125,2583;128,5496
                Confitures et miel d'abeilles;87,346;87,226;87,6407;89,1807;95,9278;97,0792;94,5769;92,7901;92,6236;94,7488;101,0328;103,7335;93,9628;102,4468;104,1261;101,7867;100,4407;98,4251;105,2538;104,6727;98,9298;98,3714;101,4097;101,9948;107,3732;104,3412
                Chocolat;93,5645;92,8001;93,6034;92,163;98,9617;97,7378;92,4584;92,0563;91,9221;98,2479;102,2727;99,4163;95,7679;95,5919;94,1118;98,5354;99,2389;100,215;100,3852;101,1464;99,4458;100,7339;99,8396;101,6753;104,9831;116,0055
        Boissons non alcoolisées (commerce de détail);101,4077;102,6199;104,3637;105,6325;105,9009;105,1011;103,284;102,9474;104,2817;106,0708;106,2292;102,5584;105,9403;105,087;102,6673;104,1873;100,7391;100,3662;102,7025;100,8537;101,2061;101,8523;100,5721;105,9593;109,9389;110,3146
            Café, thé, cacao et boissons nutritives;101,2248;100,7324;101,9187;102,5132;103,0156;102,3984;101,1612;99,8652;102,1967;101,2728;102,7305;103,3617;113,4857;108,8921;105,0222;107,3886;104,7493;105,2015;107,2957;104,4336;104,0525;104,3359;102,2395;110,5447;112,7722;114,31
                Café (commerce de détail);104,3357;102,3064;102,9405;102,8589;102,8383;103,0771;100,9457;99,5353;102,6148;100,9888;103,021;103,2707;117,0705;111,1044;105,9216;108,7792;105,864;106,6639;109,3465;105,086;105,1227;105,4467;103,379;113,4846;115,0718;117,0982
                Thé (commerce de détail);92,4925;96,5108;98,8558;100,9035;101,356;101,0585;100,5912;100,4423;100,514;101,9218;101,1553;99,9435;97,5617;99,0085;100,3685;100,7426;99,4498;97,2919;97,8707;101,3873;98,5803;97,7067;96,4885;98,6083;102,1256;102,9196
                Cacaos et chocolats en poudre;100,5788;99,6151;100,4061;101,6005;105,7877;99,0198;101,8695;99,1875;100,7108;100,3939;100,9098;109,1993;105,3313;103,4654;103,0181;104,0599;101,0518;103,4744;102,5647;102,3286;102,0012;104,3975;101,4859;99,5828;110,8105;106,2357
            Eaux minérales, boissons sucrées et jus;101,9023;104,0364;106,1191;107,6977;107,856;106,971;104,8638;105,0113;105,796;109,1312;108,5223;101,9839;100,5636;102,3784;100,9373;101,8199;97,8006;96,8738;99,3004;98,0942;98,9977;99,8717;99,3073;102,5623;107,7188;107,276
                Eaux minérales naturelles;112,8097;107,5275;109,7965;109,875;109,8249;108,1663;106,2048;107,2939;108,1973;112,18;112,1331;104,7221;103,3797;103,7559;101,0441;100,8718;99,3658;99,0544;98,128;100,843;101,6165;100,8156;101,6935;110,245;115,5474;111,6493
                Boissons sucrées;99,0578;106,8679;109,2467;110,8733;111,1125;111,1557;109,0139;107,2132;108,4807;110,5434;109,2987;105,862;103,6629;105,5939;105,3501;106,5784;99,9488;99,999;100,4134;99,097;101,3695;103,1606;99,0447;100,2832;106,5768;104,1139
                Jus de fruits ou de légumes;97,8301;96,5313;97,8762;101,062;101,3247;99,8643;97,6035;99,8127;99,7036;104,3645;104,2431;94,6363;94,0621;96,8439;94,7423;96,3863;93,4037;90,127;98,6341;94,7682;93,9776;94,8137;97,6495;100,8423;103,9837;109,9077
    Boissons alcoolisées et tabacs;73,8866;75,0463;76,6703;76,7406;78,781;81,4146;85,4946;85,7211;88,5415;90,9979;93,037;94,4346;95,5373;96,6324;97,4392;98,6451;97,3317;97,2556;98,2357;99,1463;99,9041;100,3153;101,2675;103,5413;104,4299;105,2186
        Boissons alcoolisées (Commerce de détail);93,6535;94,4012;94,9948;95,076;93,751;97,534;97,0711;97,261;98,1957;101,0827;101,4229;101,6026;100,4964;101,0588;100,0549;100,7742;98,6137;98,0322;98,6471;100,438;101,8623;100,6969;100,8829;105,6244;105,8145;105,4715
            Spiritueux (commerce de détail);98,0449;97,6542;99,3702;100,9755;100,5976;101,3115;100,4898;100,5897;101,6962;102,9077;103,1404;102,5671;102,3532;101,9781;101,8644;101,1717;100,4075;98,5703;101,6265;100,9595;101,0938;102,6521;103,86;107,6015;111,0875;111,0301
                Eau-de-vie (Commerce de détail);95,2674;95,3984;97,2517;99,0499;99,1109;99,7766;99,1518;98,6308;99,2636;100,4876;100,9493;100,6307;101,4995;100,9158;100,8913;101,0402;100,3023;98,4207;102,0513;102,0573;101,4678;102,0555;102,9587;105,9475;109,3398;108,2422
                Liqueurs et apéritifs (Commerce de détail);102,2616;101,214;102,4638;103,627;102,2641;103,0783;101,8143;103,2022;105,3447;106,5118;106,2649;105,3263;103,2711;103,2003;103,0524;101,1939;100,3853;98,7982;101,0758;99,5106;100,6185;103,6352;105,3487;110,128;113,7148;115,1252
            Vin (Commerce de détail);94,3414;95,7169;95,6537;94,9385;92,7689;98,0533;97,7957;98,2157;99,4324;102,1978;102,4463;102,2038;100,9851;101,2755;100,0491;101,1323;98,8629;98,403;98,7563;101,2797;102,9025;100,9837;101,1528;105,5318;104,2834;103,9785
                Vin rouge;92,4055;95,1771;95,2122;95,4376;92,6294;98,7787;98,41;98,3809;99,671;102,3016;102,1233;101,579;100,3298;100,4601;100,1923;100,9469;97,6372;96,5086;96,7875;99,3287;101,6151;99,8547;99,4991;103,3178;101,5841;101,8977
                Vin blanc;92,2457;91,8775;91,7101;90,0171;88,3769;92,8733;93,1113;93,5566;94,1412;97,0208;97,4119;97,9414;96,5117;96,3157;95,5478;96,2867;98,1483;98,4466;99,4173;99,9278;103,3691;99,1636;99,0465;105,7807;102,4859;103,0044
                Vin mousseux (Commerce de détail);108,2712;107,1992;106,7736;103,7908;103,6534;106,3306;105,6272;109,9673;113,233;116,8377;118,9477;124,0267;121,5508;122,626;117,8585;117,0451;110,5199;113,0227;115,3466;115,4343;112,1977;112,2043;116,1061;120,1992;125,5522;119,8669
            Bière (commerce de détail);86,4111;85,567;87,9658;89,8068;91,9272;91,3757;90,4326;89,4427;88,602;93,6993;94,8596;98,2057;97,0229;99,2995;98,5915;99,2998;96,1006;96,0552;96,0109;96,8944;98,7533;98,2345;97,4897;104,6999;107,0536;106,5982
        Tabacs;52,1231;53,4615;55,6635;55,7197;60,6695;61,9239;70,0163;70,2646;74,8484;76,6871;81,2873;84,4158;88,2311;90,2893;93,394;95,6971;96,5238;96,7508;97,991;98,3197;98,6548;100,0535;101,4382;101,9892;103,3132;104,9312
            Cigarettes;51,5728;52,9254;55,0696;55,1308;60,2346;61,3319;69,8997;70,0418;74,8301;76,6757;81,5391;84,3432;88,352;90,5749;93,6462;95,9907;96,7448;96,8264;97,9559;98,2846;98,2874;99,9557;101,4353;101,1725;102,1341;104,0086
            Autres tabacs;59,8627;60,9336;64,0387;64,0131;65,8192;69,272;71,0271;73,3116;74,3409;76,0167;77,6928;86,8401;87,8538;87,0341;90,7273;92,3961;94,4348;95,9384;98,1391;98,3696;100,7431;100,6127;101,6421;105,9628;108,6753;109,4767
    Habillement et chaussures;101,8042;101,9451;88,2039;89,2506;84,8059;85,0732;85,9756;82,8189;88,5653;91,5849;92,8401;96,8508;90,5795;86,6182;84,5651;86,1068;86,9144;86,2772;91,356;92,0232;94,2252;93,3493;93,2485;96,4804;96,7087;96,6204
        Habillement;97,7033;97,7593;83,6881;84,6474;80,55;81,2677;82,8689;79,0668;86,1238;88,6576;90,9437;94,5929;87,573;83,8808;81,8334;83,8184;84,9317;85,27;90,9464;91,3415;93,7401;92,7364;92,6762;95,6152;96,1583;95,1865
            Articles d'habillement;97,9625;98,0143;82,2431;83,6937;79,2652;80,0579;81,4913;77,7384;85,5102;88,0367;90,0634;93,8843;86,447;82,6599;80,7978;82,9865;84,2219;84,5115;90,5253;91,545;93,4821;92,4523;92,4162;95,341;95,7735;94,738
                Vêtements pour hommes;100,6248;100,8248;88,9629;85,2637;84,6082;82,7312;88,6461;84,5102;85,8931;90,8167;92,8531;95,0059;88,4874;86,1375;84,4971;85,5116;84,8917;86,7125;89,3134;92,0095;94,1402;92,7958;91,5295;97,3715;96,9131;96,9328
                Vêtements pour femmes;96,6082;96,6393;76,5658;80,9107;73,3973;75,9071;76,2947;71,3911;85,233;86,4557;88,936;92,9546;84,2488;78,996;76,8263;79,8527;82,3584;81,9559;90,2236;90,3651;92,8452;91,5881;91,0749;94,2695;94,707;94,2544
                Vêtements pour enfants;99,3901;100,8747;90,2179;88,0795;89,4123;88,3994;84,4087;83,1522;81,9907;88,8004;85,9992;93,3242;86,0993;87,0199;84,2308;84,4741;85,7921;82,6148;88,9558;89,0304;90,6616;91,333;92,4435;89,936;92,5381;88,4674
        Chaussures y compris réparation;121,3848;122,0663;110,4466;112,0898;106,1841;103,6158;100,4836;100,1635;99,5328;104,5068;100,8948;106,6379;103,5845;98,5608;96,3249;95,9814;95,4475;90,4743;92,9021;94,7279;96,1529;95,5529;95,2165;99,3194;98,2439;101,8072
            Chaussures;123,1527;123,8256;111,538;113,2456;107,003;104,3579;100,9536;100,6501;99,7945;104,9393;101,103;107,007;103,7502;98,6386;96,3458;95,8465;95,3988;90,365;92,7327;94,7238;96,0999;95,4929;95,1478;99,3093;98,1838;101,7022
                Chaussures pour hommes;118,4775;121,1836;112,6246;109,557;108,583;105,457;102,7924;101,4067;103,4175;103,8936;104,5614;108,0112;102,3993;98,8486;100,2052;95,3235;94,9034;90,3926;92,0216;91,9216;93,2279;93,4052;92,0896;95,6669;95,716;99,5413
                Chaussures pour femmes;124,8553;125,2072;109,5342;115,133;103,577;101,6999;98,5272;99,3373;98,6825;105,0802;98,7624;106,4264;105,2585;98,9855;96,014;95,5925;95,5762;91,2387;93,3633;97,633;97,9323;96,5104;97,3757;102,7266;99,9334;105,156
                Chaussures pour enfants;124,9817;122,9387;113,5621;112,998;111,8578;108,2442;102,9752;101,4844;94,7759;104,5658;99,7884;104,6944;98,5799;96,2413;88,1846;97,6405;95,3356;86,903;91,8317;91,2121;95,9387;97,0104;95,0638;97,3406;98,022;96,5613
            Réparations de chaussures;69,628;70,6413;72,234;74,3468;75,7379;77,6879;78,3472;80,6613;87,0441;88,5979;90,1626;91,4812;94,4201;94,5458;94,7315;96,916;97,3;97,83;97,9109;99,2556;99,3342;100;99,7411;101,1969;103,0858;106,7401
    Logement et énergie;76,6865;79,4555;79,8995;80,546;80,4749;82,4984;85,3171;86,2911;90,673;91,0834;92,988;94,9816;96,6;96,462;97,7651;97,268;96,6442;98,219;99,4534;99,7468;100,4638;100,1729;103,5611;108,8687;111,6088;113,3944
        Loyer;77,5644;79,8387;81,1943;81,6225;81,8946;83,5445;84,341;86,1099;87,8994;90,5477;91,935;93,1118;94,1958;94,2633;95,5327;96,5453;96,6083;97,6913;98,3525;98,7152;99,6356;100;101,3507;102,8291;105,2395;108,6556
            Loyer du logement;77,1847;79,4888;80,8765;81,3085;81,576;83,2822;84,0903;85,926;87,7207;90,4239;91,7724;93,0343;94,047;94,054;95,3417;96,3793;96,4506;97,5688;98,2655;98,6785;99,6271;100;101,3347;102,8271;105,3166;108,8501
                Loyer du logement (Indice des loyers);76,9721;79,2699;80,6538;81,0846;81,3513;83,0529;83,8587;85,6894;87,4792;90,1749;91,5197;92,7781;93,788;93,795;95,0792;96,1139;96,185;97,1951;98,1077;98,6061;99,5883;100;101,5456;103,0346;105,3285;108,8404
                Loyer imputé pour les logements occupés par leur propriétaire;...;...;...;...;...;...;...;...;...;...;...;...;...;...;...;...;97,2903;98,7235;98,7639;98,9149;99,7545;100;100,6123;102,1197;105,3934;109,021
            Location de garages et de places de parc;87,9833;88,8501;89,0195;89,3173;89,714;89,7773;90,2594;90,3406;91,9867;93,175;95,6021;94,24;97,2857;99,0396;99,8355;100,2824;100,1601;100,4553;100,3061;99,5856;99,8913;100;101,8292;102,9133;103,2176;103,5098
        Services pour fourniture et entretien du logement;...;...;...;...;...;...;...;...;...;...;...;...;...;...;...;...;102,2081;102,8744;103,1472;101,2591;100,2263;100;100,9259;100,381;101,1695;103,0995
            Taxes pour la fourniture du logement;...;83,1541;83,7158;84,4281;84,8623;86,3451;88,354;89,997;94,3704;95,6465;95,6576;96,651;97,2351;97,8211;97,7718;98,0424;99,5581;99,6166;100,3147;100,4504;100,8677;100;100,0129;97,0885;96,3224;97,957
                Taxe d'élimination des ordures ménagères;...;...;...;...;...;...;90,0685;92,0897;101,9783;105,8372;105,549;105,7426;107,1557;105,3528;104,6453;104,6453;104,6453;101,2433;102,6169;102,2613;102,2613;100;100,0883;100,5327;96,5719;97,105
                Taxe d'alimentation en eau;...;...;...;...;...;...;83,2352;84,7597;84,7597;85,3606;87,2213;93,3051;92,8612;94,241;95,896;95,8975;96,7583;98,3179;98,2863;98,7167;100;100;99,9493;99,5008;100,3976;104,0723
                Taxe d'épuration des eaux usées;...;...;...;...;...;...;85,8752;86,0862;86,0862;85,6795;84,4376;84,0722;84,0722;86,9558;86,9558;87,9894;93,9196;98,7508;99,0637;99,9;99,9;100;100,0016;88,0815;88,5692;88,5318
            Entretien et conciergerie;...;...;...;...;...;...;...;...;...;...;...;...;...;...;...;...;103,4921;104,4076;104,4794;101,6327;99,9081;100;101,4134;102,0404;103,8899;105,9985
        Energie;72,7495;78,9328;74,4052;76,1117;73,6364;77,4579;89,3921;86,6953;103,1508;93,524;99,2428;105,2921;109,4229;107,9361;109,7506;100,2986;95,5522;100,6607;105,7091;106,302;106,3885;101,2736;118,6222;154,1562;161,2011;149,7685
            Electricité;89,8568;89,9301;89,4686;88,1637;86,4063;83,9003;83,3629;81,8015;82,9882;84,8831;92,0835;95,7616;92,6911;91,3884;92,4367;95,7577;96,1592;96,2343;99,062;100,4543;100,0405;101,3204;103,7851;130,2584;153,4833;140,0754
                Electricité,type de consommation I;...;101,0692;100,4652;99,1722;96,7344;93,7996;93,1654;91,9241;93,3604;95,7374;102,1513;102,9064;97,3246;94,9089;95,3135;98,0292;98,1758;97,9795;100,1355;100,6914;100,0325;101,253;103,1656;125,7399;144,5816;134,0035
                Electricité,type de consommation II;...;99,284;98,5609;97,3438;94,9147;92,1381;91,3144;89,9729;91,26;93,2205;99,2613;100,5353;96,2538;94,4328;94,982;97,7442;97,9511;97,6498;99,9603;100,5379;100,0359;101,166;103,2207;127,3634;148,2708;135,6908
                Electricité,type de consommation III;...;85,2623;84,8548;83,687;82,0258;80,0031;79,572;78,6637;80,0228;81,7989;89,7643;94,3486;91,3871;90,2077;91,3599;94,7431;95,4509;95,5932;98,5854;100,2302;100,0425;101,3229;103,7441;131,0784;155,0927;141,8229
                Electricité,type de consommation IV;...;97,2249;96,8532;95,3345;93,7252;90,2278;89,4044;88,023;89,257;90,8172;96,1893;98,6165;95,4929;94,0697;94,9374;97,7732;97,993;97,7761;100,111;100,5569;100,0386;101,1936;103,2964;129,0664;151,6344;137,4761
                Electricité,type de consommation V;...;85,3952;84,9386;83,7099;82,0194;79,7323;79,2421;78,2134;79,377;80,5686;88,825;93,6363;91,3366;90,1475;91,4432;94,923;95,5955;95,7796;98,7266;100,41;100,044;101,4134;103,953;132,338;157,4087;142,5972
                Electricité,type de consommation VI;...;74,7906;74,3718;73,1688;71,993;70,2608;70,0449;67,7203;69,0939;71,6919;80,5333;87,1547;85,8829;85,6389;87,3813;91,6779;92,2166;92,997;97,2339;100,1384;100,0506;101,6996;105,2073;135,9615;164,5081;150,2142
                Electricité,type de consommation VII;...;84,9868;84,2983;83,0684;80,6126;78,3854;78,0783;77,175;77,6043;79,4697;87,1039;91,8284;89,7295;89,2157;90,5536;94,5059;94,8515;95,1391;98,2898;100,4834;100,0426;101,2475;104,2031;132,62;157,5955;142,5498
            Gaz;60,7488;76,5886;73,0038;70,602;70,4384;75,18;87,7851;95,7864;102,3604;113,029;93,6258;99,7446;106,1624;106,7361;106,7678;107,1315;100,3557;95,7074;102,3567;109,9905;104,1737;98,3155;134,712;189,0392;170,3407;156,1858
                Gaz, type de consommation II;61,224;77,1666;73,7594;71,411;71,2508;75,995;88,4354;95,8995;102,2841;112,1545;93,3393;99,2554;105,2572;105,8935;106,9196;107,2099;101,0814;96,5581;102,6225;109,7951;104,019;98,4784;133,0702;184,3685;166,8372;153,8649
                Gaz, type de consommation III;59,0544;76,0768;72,4953;69,8334;69,6318;74,6821;88,0221;95,9164;102,5621;113,1051;93,8936;99,9028;106,2547;106,8305;106,5636;107,0919;100,3673;95,6656;102,4234;110,121;104,0935;98,3151;134,9604;188,8801;170,3095;156,4688
                Gaz, type de consommation IV;58,4053;75,5529;71,5333;68,8986;68,6802;73,8206;87,4209;95,5115;102,1812;112,9879;93,4393;99,5089;105,9929;106,6217;106,3435;106,8048;99,834;95,3002;102,1324;109,8654;104,1631;98,2715;135,2895;190,6345;171,4961;156,5622
                Gaz, type de consommation V;58,5245;76,6997;71,8337;69,1159;68,6863;74,4632;88,5105;96,8823;103,5033;114,6903;94,7055;101,1073;108,2529;108,5951;107,8468;107,9223;100,2496;95,3117;102,3086;110,3058;104,4654;98,1442;135,7529;193,3495;173,515;158,7259
            Mazout;61,512;71,5694;60,4868;68,0397;63,4812;75,4671;109,9305;98,6673;146,0206;104,1728;119,7897;130,8362;148,5996;145,309;149,1236;106,1888;92,0061;119,6623;131,1946;123,8136;128,9253;103,6525;147,4675;183,0786;152,5417;148,3979
            Bois de chauffage;...;84,8176;84,7203;86,8657;87,7891;88,751;91,13;106,2628;108,7077;109,0235;115,0107;116,9461;107,8473;109,6663;117,4023;114,6612;104,8022;103,5961;103,2726;99,1124;104,7654;100,1245;112,0909;149,2221;139,3368;133,4811
                Pellets de bois;...;86,7436;86,644;88,8381;89,7826;90,7663;93,1993;108,6757;111,1761;111,4991;117,6222;119,6016;110,2962;112,1565;120,0681;117,2648;108,8042;105,578;106,0837;104,8504;103,882;100,3776;121,2116;188,8809;149,1836;135,9844
                Bûches de bois;...;...;...;...;...;...;...;...;...;...;...;...;...;...;...;...;102,5373;102,7883;102,0203;96,6064;105,1652;100;107,4295;128,6261;130,5378;128,9537
            Chauffage à distance;69,1699;75,3692;83,1633;81,9772;79,3598;81,8192;90,2513;97,3248;100,8188;112,8519;97,1269;101,7699;103,8842;103,8969;106,5437;106,4017;102,9396;101,4634;101,7851;107,5962;106,2018;101,3117;111,0002;132,258;144,1455;148,6317
        Appareils ménagers;138,0029;134,2327;134,1598;133,5422;135,3862;132,2749;129,6712;129,1241;130,7119;134,1556;134,3859;130,0729;127,4207;121,8696;119,4366;110,59;109,2003;102,9249;98,6058;100,5907;101,287;100,6629;100,129;101,0175;99,8534;99,2182
            Appareils électroménagers de grandes dimensions;130,3211;125,8357;127,066;127,6151;128,355;129,05;125,6893;125,0647;128,9637;132,8939;132,921;128,3258;128,2653;124,2396;121,7937;111,0756;107,5463;100,9517;96,2525;100,0417;100,8372;100,9495;100,3844;100,988;100,4901;100,4726
                Réfrigérateurs et congélateurs;...;...;...;...;...;...;...;...;...;...;...;...;...;...;...;...;92,8368;89,8997;84,0539;91,7679;94,0712;100,4481;103,4383;98,7252;97,7196;97,2097
                Lave-linge, sèche-linge et lave-vaisselle;...;...;...;...;...;...;...;...;...;...;...;...;...;...;...;...;104,2267;100,5766;97,0699;99,8922;98,8288;100,9095;99,68;101,2301;102,4431;107,818
                Cuisinières, fours et grils;...;...;...;...;...;...;...;...;...;...;...;...;...;...;...;...;107,7525;102,3421;100,598;101,2975;100,8314;100,9905;103,0097;104,9758;104,2585;101,2123
                Appareils de régulation de l'air ambiant;...;...;...;...;...;...;...;...;...;...;...;...;...;...;...;...;120,9919;107,188;99,0544;103,0455;105,708;100,8486;98,4278;102,9441;101,6549;97,7693
                Appareils de nettoyage;...;...;...;...;...;...;...;...;...;...;...;...;...;...;...;...;...;...;...;...;...;101,5231;97,2781;95,8369;94,117;93,8126
    Santé;102,8063;103,2368;103,6386;104,4915;105,2513;106,1932;106,61;106,0165;106,0699;105,9654;106,5734;105,8095;105,6287;104,6181;103,6293;103,3541;102,9825;102,3166;101,389;101,1518;100,2954;100,0539;99,4895;99,0889;98,7578;98,1984
        Produits et appareils thérapeutiques;156,3622;157,2108;152,7462;150,5287;150,071;149,5379;148,0395;139,2881;138,4689;135,1573;134,5753;124,9803;121,063;115,0822;110,6979;108,356;107,6576;107,3064;107,2768;103,3879;100,9074;100,0248;97,6891;95,6082;94,0589;91,6389
            Médicaments;170,1832;170,8335;165,0733;162,1146;161,6778;161,2474;159,3244;147,8228;146,3362;142,1258;141,3291;129,378;125,3036;118,0185;112,6793;109,5195;109,0934;108,8697;108,6921;103,6259;101,6255;100,2467;98,2691;95,7895;93,5706;90,8589
            Matériel sanitaire;...;...;...;...;...;...;107,1701;109,1061;109,1492;109,6167;109,0918;108,2236;108,0892;107,6986;107,3665;108,6507;108,5706;106,1048;102,6724;102,5652;101,3942;99,6179;87,7304;83,722;82,7689;81,9261
            Appareils thérapeutiques;107,2049;108,8001;109,1094;109,3972;108,8673;107,972;108,0084;107,6895;108,9678;108,4638;108,6826;107,7976;104,1669;102,8439;101,9638;102,6043;100,6543;99,8569;101,0631;102,2031;96,27;98,9682;98,9832;99,9688;101,6427;99,8098
                Lunettes et verres de contact;...;...;...;...;...;...;...;...;...;...;...;...;...;...;...;...;98,1177;97,1881;98,416;100,8593;95,5815;98,5711;98,3383;98,3227;98,5222;96,3976
                Appareils auditifs et autres appareils thérapeutiques;...;...;...;...;...;...;...;...;...;...;...;...;...;...;...;...;110,5119;110,176;109,6353;106,6575;98,9904;100;100,6614;104,5802;110,0284;108,4707
        Services de consultation externe;92,3663;92,988;93,4443;93,9584;94,4001;94,7534;95,2369;95,2091;95,3678;95,6685;96,2874;96,6854;97,1787;97,2112;97,4585;99,7287;99,8406;99,8762;98,6608;99,9669;99,9166;100,0874;100,1365;99,6281;99,8108;100,2039
            Prestations médicales;...;...;...;...;...;...;...;...;...;...;...;...;...;...;...;...;101,9883;101,9883;100,0321;99,981;99,9472;99,9925;99,9925;99,987;99,9576;100,3542
                Prestations médicales des cabinets médicaux;97,2792;97,2565;97,3639;97,3639;97,3639;97,3639;97,3639;97,3572;97,171;97,1941;97,2093;97,145;97,2119;96,9605;97,1129;100,4266;100,4266;100,4266;100,0072;100;100;100;100;100;100;100,3513
                Prestations médicales ambulatoires des hôpitaux;...;...;...;...;...;...;...;...;...;...;...;...;...;...;...;...;105,2384;105,2384;100,0824;99,9465;99,85;99,981;99,981;99,9669;99,8859;100,3656
            Services dentaires;81,6222;83,2064;84,2174;85,0938;85,4601;85,6989;86,3558;86,9862;87,5181;88,0519;89,3149;90,1567;90,4347;90,8801;91,3465;91,6694;91,544;91,7037;91,7717;98,6428;99,7068;100,5107;100,7875;102,1231;103,3469;104,4711
            Autres prestations sanitaires;84,3002;85,0386;85,3765;86,8731;88,8337;90,4999;92,2913;91,0616;91,7294;92,5175;94,0168;95,2056;97,406;97,7132;97,9246;99,4045;100,4345;100,4848;100,5341;101,0467;100;100;100,0005;96,441;96,441;96,4418
                Analyses en laboratoire;...;...;...;...;...;...;...;...;...;...;...;...;...;...;...;...;100;100;100;100;100;100;100;90,0721;90,0721;90,0721
                Prestations paramédicales;...;...;...;...;...;...;...;...;...;...;...;...;...;...;...;...;100,789;100,8693;100,9479;101,8451;100;100;100,0008;100,0008;100,0008;100,0023
                    Physiothérapie;...;...;...;...;...;...;...;...;...;...;...;...;...;...;...;...;99,8987;100;100;100;100;100;100;100;100;100
                    Soins à domicile Spitex;...;...;...;...;...;...;...;...;...;...;...;...;...;...;...;...;101,7684;101,8306;101,9902;103,7827;100;100;100,0016;100,0016;100,0016;100,0047
        Services hospitaliers stationnaires;94,5711;94,7663;96,2179;98,4275;99,9484;102,0687;103,0988;105,0273;105,3066;106,0496;107,1287;108,6661;109,2781;109,2781;108,3393;105,9493;105,1333;102,5472;101,5841;101,5788;100,5885;100;99,9579;101,9905;101,9177;101,4662
    Transports;96,3655;97,5779;96,4735;99,4088;98,0714;100,7548;105,1528;104,7931;110,0493;104,9808;109,4074;111,3448;107,926;108,0407;106,6098;103,7158;98,9897;100,3074;100,9179;102,2725;102,4204;100,9463;107,215;112,2415;111,3487;110,5089
        Voitures, motocycles et bicyclettes;100,6234;101,5021;99,8117;102,6356;101,8197;103,7921;109,7643;109,5791;115,7032;108,0535;113,6504;115,3104;111,0982;109,2338;107,8961;103,8358;98,0017;99,7294;100,0731;101,7136;102,4176;101,6205;109,0396;114,2543;112,1181;110,886
            Achat de voitures, motocycles et bicyclettes;120,803;123,4441;123,8267;124,216;123,6568;122,7486;123,2215;123,8812;124,7102;125,6741;125,4009;125,1488;111,9812;107,8083;105,5853;105,1159;98,6937;96,1835;95,1433;97,6414;98,7422;100,952;105,5268;111,3977;108,9144;106,1808
                Voitures;122,3966;125,0572;125,4886;126,3117;125,8227;124,8176;125,2726;126,067;126,8877;127,913;127,4109;127,292;112,96;108,3778;105,9167;105,5298;99,1155;96,2824;95,0642;97,6849;98,8384;101,3731;106,4291;112,9452;110,327;107,4099
                    Voitures neuves;110,4865;112,4613;113,4487;114,6436;114,2024;114,41;115,2527;116,4224;117,155;118,1219;118,9726;119,8198;104,945;102,3702;101,4027;100,6493;96,4103;92,7394;93,3423;96,3218;97,9377;100,4301;102,6794;107,2654;106,4326;104,2865
                    Voitures d'occasion;...;158,1435;157,1253;158,484;157,4525;151,2559;149,7482;150,5176;151,4339;152,1807;147,3862;143,9499;132,4414;122,2507;115,2461;115,2271;104,4835;103,6845;99,0962;100,6113;100,6306;103,1007;113,4156;123,6294;117,4365;112,9686
                Motocycles;113,9472;116,8216;114,8525;110,557;109,42;109,0348;107,9029;107,0348;108,2391;110,0063;110,558;108,6313;108,2364;104,7633;104,6723;104,4448;94,662;94,7856;95,3062;97,7542;100,059;100;101,7554;105,4379;104,5963;104,2221
                Bicyclettes et bicyclettes électriques;104,5067;107,2181;107,6535;105,6181;104,7974;104,5018;105,6411;104,9058;105,6133;105,4162;107,3562;106,223;100,1178;101,292;100,9919;99,3121;95,3823;96,3441;96,6488;97,1777;96,0612;97,4632;98,8214;98,1735;96,5287;94,8346
                    Bicyclettes;...;...;...;...;...;...;...;...;...;...;...;...;...;...;...;...;...;...;...;...;...;96,1136;99,5969;99,895;103,5547;102,7987
                    Bicyclettes électriques;...;...;...;...;...;...;...;...;...;...;...;...;...;...;...;...;...;...;...;...;...;98,7143;98,103;96,3969;92,5113;90,0502
            Utilisation et maintenance de voitures, motocycles et bicyclettes;85,8019;85,6006;82,8848;87,0049;86,0499;89,5486;99,8613;99,034;109,152;94,9413;104,4121;107,7438;110,5517;110,7526;110,2123;102,1992;97,0378;103,3455;105,1961;105,9288;106,227;102,4597;113,1942;117,4836;115,8765;116,3447
                Pièces de rechange et accessoires;112,6684;114,3631;115,0359;115,0647;114,014;113,3409;115,3704;117,1834;119,4441;120,704;120,0169;118,0922;114,5311;109,5916;107,7427;107,5068;101,4915;98,8572;98,0254;99,5609;99,6512;100,1405;103,5755;112,1265;111,8429;113,8357
                    Pneus;135,9106;135,0992;133,3313;131,7105;129,4985;127,059;125,5308;126,0598;127,2478;128,4924;126,8447;123,7453;119,4668;114,4445;111,2836;109,6489;103,4359;99,6861;98,5704;99,8579;99,608;99,9559;105,6326;117,3558;114,3864;117,1799
                    Pièces de rechange;86,3538;89,047;89,9918;90,3111;89,7779;89,8274;91,8897;93,8431;96,7765;98,0956;100,3809;102,3227;100,633;95,474;96,9126;100,4265;95,0438;96,1908;96,1967;98,5094;99,8175;100,4028;101,7205;110,8898;115,81;118,0372
                    Accessoires pour véhicules;...;...;...;...;...;...;...;...;...;...;...;...;...;...;...;...;...;...;...;...;...;100,1487;101,3436;102,2113;102,5632;101,9309
                Carburant;92,0508;92,5802;87,422;93,5416;91,3655;96,637;112,5656;110,0665;126,4133;95,8943;112,6719;118,5648;123,4794;123,4923;121,5646;104,9083;95,1258;107,2062;110,5555;111,2855;112,8178;105,1801;124,1674;129,8144;125,9881;124,0772
                    Diesel;...;...;...;...;...;...;114,0264;113,5602;129,6238;104,2995;110,093;118,0496;127,0241;125,5175;123,6754;104,547;93,5966;105,4736;108,9499;115,3419;113,8946;104,9918;121,3755;138,0405;128,8777;123,4294
                    Essence;...;...;...;...;...;...;111,7805;109,0811;125,364;94,2729;112,8322;118,2966;122,1798;122,5922;120,6156;104,8122;95,4445;107,5681;110,8556;109,3808;112,3054;105,2629;125,3938;126,0786;124,637;124,353
                Entretien et réparation de véhicules personnels;74,8198;75,0557;75,963;78,2839;79,8125;81,3751;82,9225;84,4557;86,2809;88,3732;88,4762;89,2079;90,8864;92,2836;93,7395;95,9879;97,014;97,2338;97,6482;98,3491;98,9746;100,324;100,7006;103,9821;106,4752;107,7852
                    Services et travaux de réparations pour véhicules motorisés;75,0275;75,2641;76,1739;78,5013;80,034;81,601;83,1527;84,6901;86,5204;88,6185;88,7218;89,4475;91,1651;92,5195;93,9897;96,2666;97,3041;97,5535;98,0053;98,6662;99,4112;100,314;100,4078;103,5255;105,8687;107,2002
                    Service pour bicyclettes;...;...;...;...;...;...;...;...;...;...;...;85,0272;85,7299;88,2534;89,305;90,7637;91,7241;91,5783;90,5099;92,175;91,3825;100,4473;104,3008;110,3687;115,6324;116,1896
                Autres prestations pour le transport individuel;87,0467;88,3674;90,5997;91,0381;92,3538;93,6429;94,9751;96,4972;96,5828;98,2995;99,144;100,8038;101,2204;101,9795;102,9638;103,3367;104,4703;104,8765;105,5318;105,5192;100,7815;99,0966;108,5917;105,6798;102,0276;106,5445
                    Location de véhicules personnels et de places de stationnement permanent;...;...;...;...;...;...;...;...;...;...;...;...;...;...;...;...;...;...;...;...;...;98,4972;116,3558;109,4846;99,68;107,4389
                        Location de places de stationnement permanent;...;...;...;...;...;...;...;...;...;...;...;...;...;...;...;...;...;...;...;...;...;100;100,086;100,8867;102,3068;103,9221
                        Location de véhicules personnels;...;...;...;...;...;...;...;...;...;...;...;...;...;...;...;...;...;...;...;...;...;96,6747;130,2305;115,7854;97,6044;107,348
                    Taxes de parking;...;...;...;...;...;...;86,2655;88,1017;88,3271;90,2707;91,4134;93,5896;94,0948;94,923;95,7546;96,168;98,2605;98,6992;100,0927;100,354;100,547;100,031;100,7054;101,4531;105,9487;106,8095
                    Taxes pour les véhicules privés et auto-école;...;...;...;...;...;...;116,7847;115,9096;112,7454;110,5144;110,5857;110,3058;110,3058;110,293;111,5911;111,7441;111,0416;111,4105;111,2771;110,8917;101,0208;99,3845;99,6559;99,5042;99,3223;98,7363
        Services de transport;83,2298;85,5899;86,3178;89,4788;86,1528;91,4325;89,9589;88,9008;90,9508;94,882;95,6152;98,3984;97,5619;103,5922;101,8186;103,1449;101,971;102,0043;103,4887;103,9757;102,4286;98,5278;100,4273;104,791;108,548;108,8507
            Transports publics;74,8585;74,8585;75,6467;78,8347;79,0629;82,4824;82,6104;82,8918;85,3181;85,5196;85,8324;90,2786;91,1966;95,9408;95,9408;98,7961;98,9921;102,379;101,802;102,166;100,6598;99,9712;100,1088;99,9347;103,3142;102,9149
                Transports publics longue distance;75,9147;75,9147;76,6466;80,0459;80,0459;83,1437;83,1437;83,1437;86,0454;86,0454;86,0454;90,9841;91,9031;97,3805;97,3805;100,0195;100,313;103,9395;103,0051;103,59;101,0681;100;100,512;100,6416;104,0953;104,8053
                Transports publics régionaux;72,7806;72,7806;73,7252;76,374;77,1912;81,4704;81,9054;82,8593;84,433;84,9868;85,8482;89,4734;90,3954;93,6863;93,6863;96,9548;96,9548;99,91;99,9412;99,9382;100;100;99,372;98,9262;101,7317;98,7357
                Transports publics vers l'étranger;...;...;...;...;...;...;...;...;...;...;...;...;...;...;...;...;...;...;...;...;...;99,0509;102,5768;96,5361;105,4474;105,2194
            Taxi;81,355;83,6196;85,6601;85,8174;85,9073;86,8535;89,6283;90,1777;91,9399;97,0093;98,6146;99,162;99,5367;98,8512;99,9165;100,3273;100,3549;100,9883;100,9401;100,6457;100,9452;100;101,0689;102,1533;106,4721;107,0204
            Transports aériens;...;133,9354;133,5817;137,2189;111,4818;125,0787;114,148;108,8953;109,3193;126,9197;129,4469;126,8552;117,8124;129,5648;120,8536;117,5154;111,8445;101,9623;110,0777;110,058;108,0413;(*) 92,7861;98,1057;137,126;145,2216;147,8109
             Transport de passagers par bateau;...;...;...;...;...;...;...;...;...;...;...;...;...;...;...;...;...;...;...;...;...;100;99,9174;102,2332;104,1371;110,2667
    Communications;168,6263;144,6788;142,3707;142,506;142,0093;141,5809;125,6306;122,8283;116,9056;111,1989;109,213;109,3414;109,5017;106,9053;104,1041;103,7854;101,2716;100,0214;99,0609;100,7348;100,8782;100,1053;99,6806;96,9421;97,6347;97,9872
        Services postaux;77,6917;86,0103;86,0103;88,857;94,8604;94,8688;94,8688;95,476;95,476;95,476;94,8308;99,0905;100,0417;100,8345;100,8345;100,1904;100,2004;99,469;99,449;99,449;100;100,15;107,28;107,28;116,667;116,667
        Equipement et matériel téléphonique;...;463,6193;391,8235;363,727;317,3733;297,6438;276,6572;258,0668;236,6449;210,0608;200,2713;185,6758;160,9983;146,6156;133,1789;120,8847;114,7546;112,9836;116,9618;115,1273;109,3604;101,3774;100,1174;100,3324;96,6776;91,2727
        Services de télécommunication;169,0699;140,7176;139,9073;140,1281;139,8889;139,8114;122,9637;120,2659;114,3678;108,7582;106,8958;107,1362;107,832;105,42;102,8208;102,9521;100,5168;99,2614;97,9895;99,9178;100,3942;100;99,4042;96,3263;97,1763;98,0121
            Communication réseau fixe;...;...;...;...;...;...;111,4175;111,4175;104,8447;102,9961;104,43;104,6798;102,992;102,6906;102,8695;102,9194;100,8787;99,7759;99,0947;100;100;100;105,1668;102,4183;102,6709;102,888
            Offres combinées réseau fixe et mobile;...;...;...;...;...;...;...;...;...;...;...;104,7667;105,4361;103,4153;103,6134;103,62;99,4981;99,979;98,8123;103,268;101,5341;100;99,5018;91,6655;91,833;92,0478
            Communication réseau mobile;...;...;...;...;...;...;137,3191;130,8345;125,7239;115,638;109,6905;109,9186;112,4696;108,442;103,6199;103,8187;100,816;98,0511;96,5255;96,3105;99,074;100;98,8367;102,8202;104,7847;106,5867
    Loisirs et culture;115,5804;113,7091;114,6748;114,5601;114,0116;113,4551;113,3902;112,5528;112,4273;112,8625;111,8028;107,4122;102,9965;102,9275;103,0731;101,9808;100,6082;100,8347;102,2563;102,2351;101,8641;99,8067;101,469;103,4332;105,3829;105,9165
        Equipements audiovisuels, photographiques et informatiques;474,0458;455,8286;423,3128;385,6057;356,2749;330,65;313,8263;291,2856;262,9488;227,5039;201,1482;182,6584;157,8997;147,1703;137,7342;129,3207;123,6061;117,283;116,0775;110,9286;104,648;98,4214;100,4376;95,8451;92,7657;85,1159
            Téléviseurs et appareils audio-vidéo;581,7906;535,3762;517,4344;478,9412;449,0071;417,6687;379,5625;365,9894;344,1422;302,3596;273,3548;248,0236;216,3408;198,4742;174,6213;159,6372;143,4975;131,9596;128,914;119,2734;110,3937;98,9179;102,5787;100,9531;99,717;91,8065
                Téléviseurs;1046,2896;916,9299;859,1974;766,5536;708,9463;646,3953;580,9671;557,7858;517,507;424,4609;372,0156;330,3663;287,4393;263,6086;225,0718;200,8481;175,8274;160,2386;156,5068;138,8526;119,6842;98,0929;102,7979;99,2482;95,4258;82,941
                Appareils audio-vidéos;...;...;...;...;...;...;223,7724;216,5319;205,5655;193,9215;185,3041;175,4707;153,7874;141,2265;131,2493;125,0155;115,8817;107,8945;105,4011;103,3072;102,2221;99,7196;102,5281;102,8493;103,4451;98,1577
            Equipement photographique, cinématographique et instruments d'optique;462,7067;469,5536;433,2294;381,1886;339,6821;304,8389;286,7068;261,2679;236,7461;201,0806;186,4717;164,3611;136,2318;122,6916;114,4156;110,8819;98,6193;102,1022;103,0816;105,3119;102,1278;101,0729;109,1579;108,861;108,9079;107,2022
            Ordinateurs personnels et accessoires;813,8645;784,5664;673,1313;586,5014;508,9299;450,0483;430,4569;378,7055;325,3331;264,8553;212,8479;185,5235;149,6579;137,7376;130,9876;124,2329;124,633;117,4054;115,6538;109,5284;100,8185;97,7792;98,1011;91,6324;86,5146;78,0394
                Ordinateurs personnels;1147,5882;1078,5306;863,8012;743,9479;638,6443;560,8396;531,5991;461,5886;393,5631;315,0284;248,8685;214,083;169,7957;155,56;147,8754;140,0302;140,4923;129,2489;122,4311;111,8231;100,8556;95,2024;91,8518;82,5094;76,8596;64,2758
                Périphériques informatiques et accessoires;...;...;...;...;...;...;...;...;...;...;...;...;...;...;...;...;105,7356;104,6281;108,0979;107,7261;100,2751;99,8;107,0286;103,2899;97,7393;91,9823
                Logiciel pour ordinateurs;...;141,5642;142,5141;133,4626;128,5725;128,5486;130,3777;130,4524;123,6034;123,7444;115,7217;122,5253;117,4103;113,6743;108,6769;105,5712;102,49;97,3763;104,6566;101,7693;103,7732;104,7826;96,7069;96,8416;97,4415;98,8156
            Support de données et contenus;176,1685;171,2434;168,2889;159,9673;155,409;151,7784;149,8253;146,2433;138,2792;130,0178;129,123;126,5605;122,6585;121,5335;120,7864;114,4667;109,202;105,0912;107,6456;106,8347;109,7459;98,1435;104,868;100,8197;105,2094;102,9531
                Supports audio/vidéo enregistrés;...;...;...;...;...;...;126,0613;123,1242;123,1184;122,8826;119,874;119,6343;117,5237;118,442;116,9576;115,4141;108,3989;103,18;104,2839;104,5645;110,8991;97,6737;106,5732;101,9585;108,6222;105,6024
                Téléchargements;...;...;...;...;...;...;...;...;...;...;...;...;...;...;...;...;101,3657;102,5105;106,5116;107,0901;103,6664;100,0228;97,6245;95,3951;92,5858;92,8052
            Réparations et installations radio-TV;75,006;75,0518;76,2615;75,4957;83,3733;84,0877;85,0482;87,3534;88,1757;89,8439;89,8439;90,8265;91,6009;91,6009;92,196;93,0116;93,436;96,8664;92,6907;92,931;97,9391;100;100,3917;100,4623;110,5805;105,1287
        Autres biens durables pour les loisirs et la culture;...;105,5636;104,0343;106,0922;103,9785;103,4622;104,8864;106,9119;107,5176;111,0701;113,814;113,5888;105,39;103,9259;102,7267;103,6579;96,7434;97,5816;100,1324;101,725;101,1365;100;102,7986;107,4346;107,3958;107,5781
            Bateaux de plaisance;...;...;...;...;...;...;...;...;...;...;...;...;...;...;...;...;...;...;...;...;...;100;103,7227;107,9652;108,4206;107,5291
            Instruments de musique;...;105,5636;104,0343;106,0922;103,9785;103,4622;104,8864;106,9119;107,5176;111,0701;113,814;113,5888;105,39;103,9259;102,7267;103,6579;96,7434;97,5816;100,1324;101,725;101,1365;100;101,4524;105,9024;103,6776;104,5903
        Autres articles et équipement de loisirs, jardin et animaux d'agrément;100,9592;100,8069;102,3209;102,6327;102,0018;102,2437;102,0916;101,9106;102,6646;104,0473;104,8452;104,6031;102,3961;102,1912;102,3447;101,5616;100,0988;98,8575;98,1401;98,4411;99,0623;99,8954;100,7224;104,389;105,3838;105,9071
            Jeux, jouets et passe-temps;117,534;117,0382;118,5862;117,7624;114,6699;112,6172;110,3921;107,3299;109,6677;113,2858;115,8913;114,8938;105,7217;106,8124;103,745;104,9307;101,4445;98,6299;99,3111;98,3;98,8176;100,8981;99,9525;105,1149;100,5177;100,0629
                Consoles de jeux et jeux électroniques;...;...;...;...;...;...;...;...;...;...;...;...;...;...;...;...;98,0439;93,3006;103,1566;100,7732;93,3353;99,998;95,567;113,4696;106,495;107,2024
                Jeu de société;...;...;...;...;...;...;...;...;...;...;...;...;...;...;...;...;103,1513;101,4189;100,4854;100,1713;100,7357;99,7791;97,6176;105,5763;102,2278;103,1489
                Jouets;...;...;...;...;...;...;...;...;...;...;...;...;...;...;...;...;101,9684;99,2363;98,3752;97,386;99,3632;101,3251;101,5789;102,974;98,9137;98,1511
            Equipement de sport et camping;105,5856;105,7917;106,5771;105,2818;105,149;105,0886;103,9172;104,5518;103,3177;101,9455;100,1494;99,4131;101,2972;101,619;102,4085;101,469;100,5037;98,3057;95,999;97,5591;100,0932;99,5374;101,8055;102,2152;102,9693;103,8424
                Articles de sport;...;...;...;...;...;...;...;...;...;...;...;...;...;...;...;...;...;...;...;...;...;99,4519;101,624;102,0926;103,2202;103,9171
                    Articles de sport d'hiver;...;104,0275;105,8782;103,7118;103,8307;104,0399;101,8968;103,8528;99,8693;99,0549;98,1937;97,1765;99,9716;102,4494;102,282;100,1248;99,9806;94,8132;95,9898;95,8627;102,8826;95,9298;102,973;106,5261;105,5074;107,5052
                    Articles de sport d'été et toutes saisons;...;109,2708;107,7312;107,62;107,206;106,718;106,573;106,0658;107,0961;105,2047;102,8881;102,3278;102,9855;100,9439;102,6781;103,4446;100,9645;99,6581;95,8781;98,4304;99,1843;101,5957;100,7297;99,4084;101,8178;101,3048
                Articles de camping et outdoor;...;...;...;...;...;...;...;...;...;...;...;...;...;...;...;...;...;...;...;...;...;99,6246;103,3205;103,7238;101,4497;103,9197
                Services pour articles de sport d'hiver;...;...;...;...;...;...;...;...;...;...;...;...;...;...;...;...;99,6142;99,4079;99,2904;98,7955;99,694;100;100,6444;100,6249;102,2603;102,367
            Plantes, fleurs et produits pour le jardin;96,0156;95,4592;98,1728;99,726;100,3347;101,6642;102,0348;102,1567;103,2938;103,6348;104,9551;104,9652;103,9129;103,7258;105,0185;104,1726;101,7768;100,117;99,7937;100,4593;100,0386;99,8535;101,0334;105,2009;108,978;109,0169
                Produits pour le jardin;...;...;...;...;...;...;86,8706;88,0708;90,0647;93,9517;99,2243;100,164;99,7836;99,801;99,2503;100,4873;100,1958;96,3802;99,711;99,5809;100,1989;100,1217;102,5739;105,9357;113,251;114,2746
                Plantes et fleurs;...;...;...;...;...;...;...;...;...;...;...;...;...;...;...;...;102,1106;101,0035;99,7618;100,5923;99,9938;99,7717;100,6148;104,9685;107,6885;107,5061
            Produits pour animaux domestiques;107,0744;107,1635;107,08;108,1013;106,7848;107,835;109,3385;109,492;109,5756;111,9718;112,2315;111,6375;106,6056;103,0562;103,3829;100,0129;99,2404;100,8159;98,1692;97,9471;97,5575;99,4609;98,6476;104,6446;106,2009;105,9016
            Services vétérinaires pour animaux domestiques;...;73,0607;75,1658;75,8565;77,386;77,9009;79,1327;81,1019;82,535;85,4646;86,836;88,3985;90,798;91,2495;92,7075;93,2425;94,8082;94,8495;96,1702;96,7652;97,8165;100;101,2;103,2999;106,5693;109,7353
        Services récréatifs et culturels;81,607;82,7731;84,0368;86,5705;87,4688;88,3447;89,316;89,7493;91,2023;92,3114;93,2691;93,8944;94,7831;95,9457;96,4131;97,2381;97,457;97,8831;98,5411;99,269;100,07;100,2256;101,6112;102,3502;105,7543;107,3789
            Services sportifs et récréatifs;73,0037;74,9728;77,2123;80,3447;81,8427;83,3234;84,5369;85,3108;86,6595;88,6387;89,9834;91,0329;92,4173;93,9689;95,0047;96,373;97,5224;98,2013;99,0475;99,674;100,4806;100,38;102,4254;103,1346;107,5963;108,9305
                Manifestations sportives;73,6262;79,2908;80,6133;81,8267;84,9407;89,4567;90,1715;91,6414;94,1612;92,3104;92,9951;96,845;95,6354;98,653;99,2351;99,5613;97,8015;96,9918;97,6385;99,4174;100,0393;100;100,8713;101,1989;103,9671;107,3577
                Activités sportives et de loisirs;72,9583;74,8624;77,117;80,2968;81,7372;83,1367;84,3714;85,1257;86,4357;88,5434;89,9056;90,8373;92,3091;93,8093;94,8551;96,268;97,5139;98,2418;99,0944;99,6803;100,492;100,3868;102,4495;103,1692;107,6738;108,9365
                    Entrées à des installations sportives;82,4826;83,5798;84,3006;84,8509;86,4565;87,9428;89,3407;90,2999;90,9954;92,3309;92,8485;93,0327;94,2371;95,8622;96,7811;97,8196;99,7252;99,7389;100,7735;101,2184;101,0861;100;101,4006;101,5738;102,0636;102,9129
                    Chemins de fer de montagne, remontées mécaniques;75,8419;77,3772;78,8936;81,9646;82,8627;84,2482;84,7045;83,7232;85,4821;88,4098;90,1464;92,4922;94,4819;95,7703;97,3351;99,5744;100,7519;101,4943;101,0841;101,4242;102,9874;102,6136;105,1178;108,4488;112,8649;114,5151
                    Cours de loisirs;67,2498;69,2736;71,7879;75,8298;77,4084;78,7445;80,2363;81,5563;83,2345;85,7018;87,697;88,6739;90,1653;91,6645;92,5868;93,9845;94,7216;95,9835;97,0115;97,768;99,1762;100;102,2626;102,5762;110,6791;112,1972
            Services culturels et de loisirs;88,3765;88,8857;89,6519;92,2544;92,6264;92,9846;93,7165;93,7947;95,4223;95,707;96,2078;96,4162;96,8514;97,6496;97,5638;97,8438;97,0449;97,1916;97,6366;98,4303;99,2226;100,0657;101,9738;102,9455;107,4125;110,3306
                Cinéma, théâtre et concerts;78,0813;78,8107;80,945;81,9895;83,2819;84,116;86,5039;86,7657;87,4925;88,3091;89,6458;90,3208;91,5845;92,7292;92,6151;92,9887;94,3182;94,5187;95,2195;97,0885;97,98;100;99,2196;99,7833;101,4349;103,2406
                    Cinéma;81,7847;81,9336;84,3811;85,7122;87,1452;87,4001;87,5117;87,972;89,3746;89,6564;91,0119;93,0409;93,5707;94,5531;95,1585;95,3042;96,1411;95,9018;96,0054;98,4147;99,0067;100;101,0234;104,5701;106,0008;106,7358
                    Théâtre et concerts;76,8078;78,6585;80,3684;80,9482;82,0694;83,1182;86,3368;86,5201;86,9785;87,9876;89,32;89,5593;91,0446;92,241;91,8958;92,3302;93,7895;94,1027;94,9936;96,7122;97,6894;100;98,785;98,3605;100,0492;102,0545
                Musées et zoos;...;...;...;...;...;...;...;...;...;...;...;...;...;...;...;...;...;...;...;...;...;100;102,7108;103,729;108,1293;110,0841
                Réception de radio et TV;94,642;94,7732;94,7732;98,6734;98,6734;98,6734;98,6734;98,6734;101,1759;101,1759;101,1759;101,1759;101,1759;101,8315;101,8315;102,0588;99,8924;100,0663;100,1479;100,5564;99,8765;100,0317;103,0001;104,0469;112,7059;117,3425
                    Réception de contenu audio-visuel payant;...;...;...;...;...;...;...;...;...;...;...;...;...;...;...;...;97,4655;98,1708;98,7625;100,5564;99,8765;100,0317;103,0001;104,0469;112,7059;117,3425
                Services pour la photo;95,5226;97,0868;97,2059;98,1286;97,8669;98,3946;97,8332;97,7504;97,5348;97,5605;98,1152;97,8115;97,583;97,745;96,8528;97,1229;97,4311;97,7281;100,2563;99,4871;103,2249;100,6452;100,5394;101,5059;100,746;104,7262
            Jeux de hasard;...;...;...;...;...;...;...;...;...;...;...;...;...;...;...;...;...;...;...;...;...;100;99,349;100,019;99,622;100,556
        Edition, presse et papeterie;74,6962;76,0668;77,2188;78,1367;78,6424;79,9664;80,5823;81,3446;81,7864;83,3322;85,089;84,2989;84,0662;85,3021;87,558;88,5071;88,9636;89,7992;92,2624;95,158;98,483;100,3444;101,4879;104,3154;106,3176;107,1106
            Livres;108,9149;109,9107;109,8248;108,419;107,83;109,4276;109,5782;108,5644;110,0479;109,3578;110,0857;100,4539;94,9528;95,713;97,0294;95,1537;91,8528;90,6124;93,7315;97,9985;98,5761;101,2297;102,3502;103,2105;104,5366;105,4393
                Livres fictions;...;...;...;...;...;...;...;...;...;...;...;...;...;...;...;...;...;...;...;...;...;101,5884;102,7893;102,7549;103,341;104,0105
                Livres scolaires et éducatifs;...;...;...;...;...;...;...;...;...;...;...;...;...;...;...;...;...;...;...;...;...;100,3017;101,1602;103,4368;106,3569;107,9041
                Autres livres;...;...;...;...;...;...;...;...;...;...;...;...;...;...;...;...;...;...;...;...;...;101,246;102,1939;102,4168;102,7988;103,2071
            Journaux et magazines;58,1707;59,1798;60,2694;61,7729;62,6918;64,1402;64,9182;66,4537;67,1042;68,8796;70,9182;72,8902;74,6764;76,6005;79,8389;82,3329;84,7987;87,055;89,778;92,4361;97,964;100;101,0248;103,9084;106,8378;108,6156
                Journaux et magazines au numéro;58,8496;59,7522;61,3708;63,147;64,211;65,4383;66,0616;67,7924;68,9284;71,3759;73,6923;75,6747;77,4252;78,8816;82,9278;85,9161;87,8439;89,6411;91,8764;94,9047;97,8911;100;100,2601;104,4615;108,2837;112,026
                Journaux et magazines par abonnement;58,3074;59,364;60,2465;61,6626;62,5379;64,0666;64,8963;66,3735;66,876;68,4701;70,4448;72,4211;74,2231;76,2735;79,3402;81,7448;84,3151;86,6499;89,4597;92,0562;97,9743;100;101,1375;103,8664;106,7074;108,2812
            Autres imprimés;...;93,768;94,0044;95,7515;95,2098;95,7816;96,5138;96,7662;91,8654;94,311;94,2793;96,8764;97,5478;96,5284;97,1113;97,9478;97,0114;97,9092;98,7252;99,3985;100,2283;100,0065;102,6003;99,9209;104,5521;97,8725
            Matériel d'écriture et de dessin;80,4776;82,3201;84,7016;85,0392;85,3842;85,6075;85,8551;85,6583;86,0789;89,6945;92,9218;92,9837;93,4777;94,053;94,7955;94,6635;94,7555;94,4283;96,3739;97,7037;99,3533;100,0853;100,6897;108,856;108,2295;107,9453
        Voyages à forfait;113,5363;103,1261;109,1524;109,1736;111,4116;110,1059;111,9441;114,3555;119,0241;125,0099;125,1939;112,623;103,613;105,231;107,3069;105,3409;102,7386;105,9684;110,5085;109,3985;107,1791;99,2255;102,6803;113,327;116,923;119,1942
            Voyages à forfait internationaux;112,7124;102,3777;108,3603;108,3814;110,6031;109,3069;111,1318;113,5256;118,1604;124,1028;124,2855;111,8057;102,8611;104,4674;106,5282;104,5765;101,9822;105,19;110,0697;108,5444;106,0514;(*) 99,0418;103,2883;119,7713;124,3757;127,6184
            Voyages à forfait nationaux;...;...;...;...;...;...;...;...;...;...;...;...;...;...;...;...;109,3599;112,6004;113,1208;117,9311;116,5397;100,3969;97,043;98,0903;101,9155;100,6507
    Enseignement;76,3089;77,1656;78,0113;79,5059;80,9657;81,7077;82,9827;84,4187;85,5727;87,0879;88,0803;89,3703;90,7924;92,1392;93,9592;95,0441;95,8616;96,4343;97,7304;98,3569;99,2548;100;100,6727;100,9501;102,7516;103,6207
        Formation scolaire et professionnelle de base;...;...;...;...;...;...;82,362;83,8943;85,5422;86,9899;88,9438;89,7476;91,442;93,2634;94,1405;94,8663;96,0727;97,0382;98,0608;98,4769;99,5598;100;100,5982;101,2202;103,4702;105,4927
            Scolarité obligatoire;...;...;...;...;...;...;81,0328;82,6195;84,4097;86,0988;88,1273;89,0289;91,1305;93,2404;94,2145;94,6926;96,0467;97,7773;98,8469;99,205;99,9833;100;100,7349;101,2978;103,6548;105,7613
            Ecoles postobligatoires;...;...;...;...;...;...;89,0362;90,001;91,4724;92,3449;92,9991;93,5071;94,1846;95,3724;95,7202;96,924;95,6595;96,0675;97,0032;97,5509;98,9057;100;100,409;101,1532;103,2449;104,5722
        Formation professionnelle supérieure et hautes écoles;...;...;...;...;...;...;85,0279;85,9148;86,1549;87,3742;87,7383;89,6223;90,5545;91,5972;94,5305;95,8464;96,3103;96,5586;97,6954;98,333;98,9881;100;100,6749;100,6853;100,954;100,9532
        Formation continue;74,935;75,8395;77,3253;80,1343;81,2768;81,0699;81,7367;83,6092;85,1175;86,9283;88,0287;88,8514;90,5039;91,5461;92,0512;92,9591;93,7172;94,3655;96,5913;98,1308;99,2388;100;101,2887;101,7289;106,0859;107,192
    Restaurants et hôtels;81,3159;83,0997;85,7391;87,2985;87,5562;88,5595;89,8537;91,2345;92,533;94,4307;95,4233;96,9795;97,7057;98,3679;99,5635;99,5504;99,2294;99,4699;100,1021;100,7833;101,9938;101,0618;103,9469;106,627;109,1035;111,4068
        Restauration;79,2582;80,585;82,7661;83,7772;84,8254;86,0151;86,7089;87,8195;89,6138;91,5294;92,5442;93,7881;94,8629;95,6404;96,3889;96,9984;96,9929;97,5234;97,9522;98,5617;99,1618;100,003;101,046;103,932;106,3528;108,0785
            Restaurants, cafés et restauration rapide;79,0239;80,5033;82,7714;83,8661;84,8199;85,9079;86,6084;87,787;89,6619;91,6343;92,5106;93,7644;94,856;95,6394;96,3728;96,9944;96,9265;97,4899;97,9432;98,5694;99,1439;100,004;100,9824;103,9855;106,3887;108,16
                Restaurants et cafés;78,5177;79,9962;82,2902;83,3376;84,274;85,3787;86,1009;87,2909;89,1879;91,1761;92,0647;93,4606;94,4673;95,3346;96,0801;96,7996;96,9332;97,4571;97,9861;98,6111;99,1994;99,9917;100,9556;103,5517;105,9528;107,8334
                    Repas dans les restaurants et cafés;79,4586;81,0707;83,1137;84,1638;84,9919;85,9381;86,6999;87,8054;89,3799;91,3974;92,3443;93,6672;94,7542;95,5652;96,3882;97,1299;96,9977;97,5878;98,0299;98,4258;98,9785;99,9757;101,1033;103,8186;106,5791;108,4317
                    Boissons dans les restaurants et cafés;77,3361;78,6239;81,2723;82,3186;83,397;84,7106;85,3823;86,6808;89,0142;90,9694;91,7766;93,276;94,1651;95,1174;95,7499;96,4289;96,9363;97,2394;97,7126;98,7344;99,4946;100;100,692;103,0837;104,8461;106,8283
                        Boissons alcoolisées;76,1367;77,544;79,9958;80,9088;81,9084;83,1649;83,6316;85,0496;87,4382;89,5063;90,3336;91,9821;93,3064;94,1232;94,8925;95,6824;96,3362;96,6802;97,1166;98,3298;99,2944;100;100,8848;103,0065;104,8975;107,1865
                            Vin;74,4743;75,8815;78,0102;78,9919;79,7755;80,9927;81,479;83,0366;85,1841;86,8703;88,094;89,8662;91,477;92,4702;93,4647;94,5561;95,5;95,7969;96,3476;97,9965;99,1418;100;101,2986;103,6625;105,977;108,453
                            Bière;78,1272;79,8892;82,8779;83,7473;85,0851;86,429;86,8332;87,9614;91,0368;93,8403;94,095;95,6297;96,487;96,9466;97,3854;97,4511;97,4611;97,689;98,2162;98,791;99,3177;100;100,3406;102,1312;104,2753;106,0673
                            Spiritueux et autres boissons alcoolisées;81,6579;82,1768;84,3365;85,0864;86,1568;87,3289;87,9463;89,5918;90,7063;92,6293;92,9883;94,1657;95,0093;95,7655;96,0447;97,1722;97,7872;98,7319;98,283;98,8718;99,987;100;100,1744;101,865;101,4675;103,8494
                        Boissons non alcoolisées;78,566;79,7188;82,5782;83,7628;84,915;86,2878;87,1436;88,3278;90,6225;92,4745;93,2634;94,628;95,0915;96,1816;96,6784;97,2425;97,6053;97,8674;98,3771;99,1858;99,7165;100;100,4632;103,2031;104,8051;106,4159
                            Café et thé;75,0293;76,9633;79,8836;81,1341;82,2515;84,1791;84,7114;86,0119;88,9261;91,0081;91,572;93,2326;94,0905;94,837;95,5277;96,2769;96,7379;96,9343;97,4976;98,5039;99,4075;100;100,6856;103,7208;105,6137;107,117
                            Eaux minérales et boissons sucrées;82,101;82,611;85,4443;86,536;87,6994;88,4271;89,6859;90,7668;92,3774;93,931;94,9881;96,0123;96,0754;97,5686;97,8368;98,226;98,5231;98,8522;99,3018;99,8956;100,0307;100;100,2213;102,6781;104,0071;105,7192
                    Restaurants self-service;...;...;...;...;...;...;...;...;...;...;...;...;...;...;...;...;96,3321;97,3767;98,8341;99,5003;99,6037;100,1119;100,9;103,4071;105,6237;107,3196
                Restauration rapide;...;82,9887;84,7277;86,4514;87,7443;88,6595;89,1516;90,2111;91,723;93,6041;94,3481;94,9937;96,4609;96,8977;97,5976;97,7929;96,8764;97,7106;97,6768;98,3031;98,8107;100,0644;100,6434;104,5284;106,9012;108,0863
                    Repas restauration rapide;...;83,3861;85,1335;86,8654;88,1645;89,0841;89,5786;90,6431;92,1622;94,0524;94,7999;95,4486;96,9228;97,3617;98,0649;98,2612;97,43;97,757;97,6964;98,474;98,9821;100,0675;100,8108;104,8221;107,4365;108,4005
                    Boissons non alcoolisées restauration rapide;...;...;...;...;...;...;...;...;...;...;...;...;...;...;...;...;92,3369;96,1358;96,2319;96,1727;96,8424;100,0641;98,8606;101,7023;102,3595;104,2431
                    Boissons alcoolisées restauration rapide;...;...;...;...;...;...;...;...;...;...;...;...;...;...;...;...;101,8951;101,5773;101,7266;101,6679;101,6679;100;101,8699;104,6076;106,5503;109,6423
            Cantines;81,6195;81,3949;82,6589;82,7748;84,7602;86,9977;87,6254;88,0628;89,0562;90,394;92,8608;93,9709;94,8759;95,5752;96,5164;97,0014;97,6773;97,8551;98,0192;98,4466;99,3842;99,9906;101,8803;103,2928;106,0442;107,0821
                Repas dans les cantines;81,0186;80,852;81,5988;81,9333;83,9514;86,8797;87,3207;87,9183;88,654;89,4035;91,8812;93,0998;94,1144;94,9069;96,0127;96,676;97,3633;97,6277;97,8138;98,3203;99,302;100,0068;101,8815;103,3304;106,2934;107,4472
                Boissons dans les cantines;84,2889;83,9152;86,3276;85,9657;87,8961;88,3526;89,5122;89,484;91,1909;94,7485;97,1909;97,9043;98,3686;98,6792;98,9182;98,6566;99,2942;99,0867;99,1285;99,1342;99,8424;99,8933;101,8727;103,0677;104,3543;104,7283
        Hébergement;93,7939;99,4444;104,2514;109,118;104,0835;103,3654;109,7705;110,9732;111,3971;112,1093;112,9946;115,186;113,5676;113,6936;116,4136;112,8493;110,2995;108,9228;109,8639;110,938;114,4663;106,0197;114,4146;117,1283;119,7186;124,1298
            Hôtellerie;100,6477;106,7711;112,0559;118,0322;111,3692;110,1996;117,7424;118,9599;120,2821;120,3492;120,4385;122,8021;119,6194;119,5848;122,021;116,5527;113,8421;112,793;113,438;115,1432;119,3872;108,2099;119,7458;123,8277;124,8546;130,6695
            Parahôtellerie;...;80,5861;82,4949;83,8971;84,5318;85,4806;86,0244;87,2765;88,9617;91,2211;93,7061;94,7152;97,123;97,3228;99,4204;100,1698;99,1047;97,6716;98,4206;99,074;99,259;100;101,7168;101,4494;106,691;106,8256
    Autres biens et services;90,897;91,8985;94,38;95,974;97,726;98,6214;99,4876;99,1726;99,7737;100,915;101,8938;102,6036;102,5662;102,8445;101,7759;102,4069;100,2541;99,1799;99,5904;99,9283;100,132;100,3775;100,4455;103,1008;104,7158;105,2075
        Soins corporels;100,3201;101,0905;104,0099;105,941;107,0665;107,8303;108,1763;108,043;109,1114;110,1338;110,712;110,0575;108,1482;106,6748;105,8109;106,1049;103,8616;102,2032;101,5393;101,8264;101,6534;101,8505;102,0006;106,0195;106,9059;107,5251
            Services des coiffeurs et instituts de beauté;78,0248;78,7182;81,1935;82,6363;83,6513;84,6137;86,2428;87,4156;88,9789;90,2082;91,2239;92,7608;94,2357;94,7172;95,3662;96,5271;97,3056;97,532;97,8574;98,3547;98,8449;100;100,2745;101,2732;103,3242;105,8398
                Coiffeur pour hommes et enfants;...;...;...;...;...;...;...;...;...;...;...;...;...;...;...;...;98,8239;98,7468;98,7537;98,6221;99,0673;100;100,5527;101,2112;101,9702;105,34
                Coiffeur pour dames;...;...;...;...;...;...;...;...;...;...;...;...;...;...;...;...;97,7637;97,9507;98,098;97,9648;98,4327;100;100,3366;101,0648;103,1579;106,7115
                Soins de beauté;...;...;...;...;...;...;...;...;...;...;...;...;...;...;...;...;95,8865;96,315;97,0667;98,7919;99,3314;100;100,037;101,6123;104,1233;105,3606
            Appareils électriques pour soins corporels;141,5307;140,6258;137,8468;134,21;135,1014;138,1343;137,7316;131,6807;132,7196;132,9764;131,7316;128,2229;129,7444;132,1328;129,7469;131,8636;114,9609;109,1353;107,9862;105,7008;102,8206;100,3937;100,2733;99,5783;100,6958;97,0448
            Articles de soins corporels;121,7342;122,5637;125,9012;128,2999;129,5301;130,077;129,2108;127,7823;128,4477;129,2;129,2322;126,352;120,9196;117,4036;115,0565;114,5188;109,5678;106,3335;104,7153;104,942;104,341;103,4914;103,6124;110,9025;110,6049;109,5212
                Appareils non électriques pour soins corporels;88,736;89,2073;94,2075;95,4718;95,9861;98,9632;98,157;98,5248;98,2211;101,0033;101,5332;102,0104;101,8753;102,5733;103,9627;103,4569;101,6496;100,7586;101,1034;100,4154;99,8738;99,9164;98,9942;99,6482;100,8223;96,1843
                Articles de toilette;123,2856;124,1868;127,7043;130,3882;131,6615;132,0576;131,1638;130,0368;130,645;131,2443;131,3183;128,5052;122,062;117,7202;115,2235;114,3191;110,1844;106,7687;104,9832;105,2861;104,6627;103,762;103,977;111,801;111,3878;110,5922
                    Savons et mousse pour le bain;128,8435;128,1872;131,1699;133,8756;133,7322;133,0357;131,9122;130,876;131,1442;130,8724;130,5053;131,47;125,3237;120,4981;116,6716;116,9794;113,1617;105,1874;104,3459;105,2097;105,8182;102,1318;101,3008;108,5305;113,0405;106,2264
                    Produits de soins pour les cheveux;145,3631;147,2502;151,3514;154,7598;157,1242;157,222;154,3388;152,6705;154,2778;153,6622;154,4558;148,4749;141,5265;129,7342;123,701;123,1707;115,3491;112,7147;107,8323;107,1844;107,3685;107,6346;104,1363;110,4588;111,8466;113,2069
                    Produits de soins dentaires;127,3532;125,6886;121,9374;128,3544;131,4367;130,9468;129,0654;128,0567;124,7908;126,8725;124,5415;119,2044;118,0151;110,6442;111,767;112,7106;109,5545;104,2636;101,7883;103,6289;99,6326;99,6297;105,4676;113,6441;112,8808;116,5236
                    Produits de beauté et cosmétiques;117,975;118,6869;121,3925;123,7162;124,7537;126,3342;127,2688;126,684;127,7631;128,2718;128,6172;128,1693;121,6819;117,5159;115,019;114,7937;111,0188;107,3829;107,348;107,8185;106,5134;105,1424;105,9681;113,2032;112,1972;112,723
                        Produits de soins pour le corps;...;...;...;...;...;...;...;...;...;...;...;...;...;...;...;...;106,2456;102,5534;103,5224;103,4906;104,4287;101,0176;101,7632;107,5188;109,2502;110,4433
                        Produits de soins du visage et maquillage;...;...;...;...;...;...;...;...;...;...;...;...;...;...;...;...;115,9069;112,3462;111,1727;112,1153;108,5784;109,3043;110,3621;119,2422;115,1196;114,889
                    Articles de soins corporels en papier;122,2723;124,8127;131,2084;132,2884;132,6748;132,5521;130,9702;128,902;129,2513;130,6002;130,634;122,2841;114,406;114,0688;112,6789;108,6361;104,7102;103,3587;98,5375;98,2063;99,66;100,4725;99,7745;109,7216;108,6668;104,3971
        Effets personnels;92,0737;92,928;94,9251;93,3136;94,4791;94,9536;94,6608;95,7401;97,1184;100,4983;100,5443;101,3238;101,1809;99,7852;100,5737;101,0691;99,5309;96,9296;96,2241;97,0437;97,2795;99,3983;99,9096;101,1695;101,7648;99,8381
            Bijoux;...;...;...;...;...;...;...;...;...;...;...;...;...;...;...;...;97,3647;91,7773;91,3566;93,1655;94,5008;99,9956;100,6359;97,4585;99,1157;95,1366
            Montres;91,3561;92,5992;93,9771;91,5634;92,8005;93,2677;93,1902;93,9329;95,0751;99,6503;99,6578;99,8665;100,3691;98,2156;99,1141;99,5081;98,7041;98,8781;96,5302;99,4164;99,811;100;101,4826;103,577;106,2604;105,712
            Articles de voyage et accessoires;92,7702;92,8977;95,8886;95,1067;96,1796;96,661;96,1039;97,5902;99,2166;100,3914;100,5219;102,3655;100,9197;100,8967;101,6005;102,2075;101,1623;99,1524;99,1266;98,7076;98,0897;98,643;98,6102;102,1287;101,3088;100,4646
        Institutions sociales;...;75,0513;75,0507;76,8989;77,1296;78,4412;80,2617;80,2617;82,9559;85,454;86,194;89,322;93,1604;94,5608;95,5187;98,3443;98,4481;97,9368;99,2966;98,0813;99,6265;100,0122;100,1202;107,248;107,9208;107,219
        Assurances;...;99,3118;102,6943;104,2461;107,5798;109,0325;111,2465;109,4458;107,9084;107,8504;110,4054;111,703;112,415;113,6929;108,7302;107,411;103,6328;102,3115;103,1804;102,3261;100;99,5841;99,3841;99,0648;99,836;101,7432
            Assurance-ménage (incl. Responsabilité civile privée);...;103,6584;103,6756;104,0352;107,0643;108,2005;110,8961;110,9772;107,0529;107,1406;106,2963;105,9567;106,5503;107,6033;109,6579;110,4321;107,0973;107,3762;107,6001;106,4768;100;99,0409;99,0921;99,1664;98,3326;99,6346
            Assurance-maladie privée;...;84,6161;87,9108;88,6542;89,799;90,5958;93,2551;93,6547;94,7332;96,4151;102,7102;107,6648;108,7119;110,4622;99,026;97,421;94,567;94,9525;99,9482;99,9111;100;99,6972;99,3109;98,7388;97,65;97,0852
            Assurance véhicules;...;116,9241;122,9065;126,6438;134,0439;136,9402;137,5689;129,7648;125,2429;122,1884;121,6594;119,2071;119,6014;120,4767;120,9516;118,945;113,4425;108,8342;104,521;102,8823;100;99,7093;99,5824;99,3428;104,0381;110,3643
        Services financiers;...;52,0891;51,8038;64,7291;69,8331;68,1512;69,6776;69,6776;74,3507;75,3718;75,3686;77,0832;77,9395;79,8042;85,4458;92,1739;91,1883;93,4625;95,6867;96,6003;98,8242;100;100,0881;103,0858;111,3968;109,3344
            Frais de comptes;...;...;...;...;...;...;...;...;...;...;...;...;...;...;...;...;93,0548;93,0215;95,8099;98,0364;100,8719;100;98,1419;101,2395;101,2457;92,3308
            Frais pour les dépôts de titres;...;...;...;...;...;...;...;...;...;...;...;...;...;...;...;...;89,2714;93,822;95,5515;95,3893;97,2461;100;101,1133;104,0066;118,3542;119,5233
        Autres services;...;66,7361;68,0326;69,4743;70,0831;72,0723;72,4485;73,382;73,9428;73,7754;74,1399;75,3631;76,5912;80,9188;81,6748;82,0922;82,2719;82,3058;83,7983;90,645;101,0951;100;99,8903;103,8083;105,1274;108,5868
            Documents officiels;...;...;...;...;...;...;...;...;...;...;...;...;...;...;...;...;...;...;...;...;...;100;100,0317;100,0334;100,0651;100,0812
            Services d'avocats;...;...;...;...;...;...;...;...;...;...;...;...;...;...;...;...;...;...;...;...;...;100;100;100,2045;100,8616;104,5087
            Annonces;...;...;...;...;...;...;...;...;...;...;...;...;...;...;...;...;...;...;...;...;...;100;99,3512;108,7333;111,781;119,3087
Total;92,5762;93,7755;94,2645;95,0626;95,2266;96,3739;97,618;97,7176;100,0885;100,2278;101,2538;101,5358;100,7342;100,4625;100,5172;100,0294;98,7624;99,107;99,8406;100,3998;100,6029;100,0553;101,705;105,0435;106,3866;106,8138
    Alimentation et boissons non alcoolisées;93,821;95,1739;99,3508;98,8467;101,2015;100,5928;99,6523;100,4207;102,3679;104,4563;102,6274;99,7026;97,4584;98,4693;99,5418;99,8508;98,4491;99,349;100,388;101,2391;100,2553;99,9883;98,4684;104,0025;106,4301;105,3077
    Boissons alcoolisées et tabacs;73,8866;75,0463;76,6703;76,7406;78,781;81,4146;85,4946;85,7211;88,5415;90,9979;93,037;94,4346;95,5373;96,6324;97,4392;98,6451;97,3317;97,2556;98,2357;99,1463;99,9041;100,3153;101,2675;103,5413;104,4299;105,2186
    Habillement et chaussures;101,8042;101,9451;88,2039;89,2506;84,8059;85,0732;85,9756;82,8189;88,5653;91,5849;92,8401;96,8508;90,5795;86,6182;84,5651;86,1068;86,9144;86,2772;91,356;92,0232;94,2252;93,3493;93,2485;96,4804;96,7087;96,6204
    Logement et énergie;76,6865;79,4555;79,8995;80,546;80,4749;82,4984;85,3171;86,2911;90,673;91,0834;92,988;94,9816;96,6;96,462;97,7651;97,268;96,6442;98,219;99,4534;99,7468;100,4638;100,1729;103,5611;108,8687;111,6088;113,3944
    Equipement et entretien ménager;107,7355;108,0238;108,6742;108,6167;109,6249;109,5851;109,2307;110,1294;110,3857;111,1169;111,5991;109,6854;107,6935;105,519;104,752;103,3604;101,6386;99,1293;97,177;99,0936;99,4547;99,9071;101,7023;106,9593;106,8839;105,3533
    Santé;102,8063;103,2368;103,6386;104,4915;105,2513;106,1932;106,61;106,0165;106,0699;105,9654;106,5734;105,8095;105,6287;104,6181;103,6293;103,3541;102,9825;102,3166;101,389;101,1518;100,2954;100,0539;99,4895;99,0889;98,7578;98,1984
    Transports;96,3655;97,5779;96,4735;99,4088;98,0714;100,7548;105,1528;104,7931;110,0493;104,9808;109,4074;111,3448;107,926;108,0407;106,6098;103,7158;98,9897;100,3074;100,9179;102,2725;102,4204;100,9463;107,215;112,2415;111,3487;110,5089
    Communications;168,6263;144,6788;142,3707;142,506;142,0093;141,5809;125,6306;122,8283;116,9056;111,1989;109,213;109,3414;109,5017;106,9053;104,1041;103,7854;101,2716;100,0214;99,0609;100,7348;100,8782;100,1053;99,6806;96,9421;97,6347;97,9872
    Loisirs et culture;115,5804;113,7091;114,6748;114,5601;114,0116;113,4551;113,3902;112,5528;112,4273;112,8625;111,8028;107,4122;102,9965;102,9275;103,0731;101,9808;100,6082;100,8347;102,2563;102,2351;101,8641;99,8067;101,469;103,4332;105,3829;105,9165
    Enseignement;76,3089;77,1656;78,0113;79,5059;80,9657;81,7077;82,9827;84,4187;85,5727;87,0879;88,0803;89,3703;90,7924;92,1392;93,9592;95,0441;95,8616;96,4343;97,7304;98,3569;99,2548;100;100,6727;100,9501;102,7516;103,6207
    Restaurants et hôtels;81,3159;83,0997;85,7391;87,2985;87,5562;88,5595;89,8537;91,2345;92,533;94,4307;95,4233;96,9795;97,7057;98,3679;99,5635;99,5504;99,2294;99,4699;100,1021;100,7833;101,9938;101,0618;103,9469;106,627;109,1035;111,4068
    Autres biens et services;90,897;91,8985;94,38;95,974;97,726;98,6214;99,4876;99,1726;99,7737;100,915;101,8938;102,6036;102,5662;102,8445;101,7759;102,4069;100,2541;99,1799;99,5904;99,9283;100,132;100,3775;100,4455;103,1008;104,7158;105,2075
    Biens;103,6788;105,1446;103,8795;104,1182;103,7859;104,5385;107,0935;105,68;110,0066;107,7059;108,881;108,4429;105,558;103,9872;103,3832;101,2756;98,6039;98,9497;100,1883;100,8137;100,7376;100,0431;102,4579;108,4939;108,9602;107,0368
        Biens non durables;92,5452;94,6192;95,338;96,204;96,8219;98,1688;102,0092;100,8292;106,7147;103,0828;105,3232;104,9019;104,6645;104,2571;104,5405;101,5292;98,901;100,9742;102,4388;102,5913;102,1937;100,6499;103,0781;110,3072;111,834;109,7313
        Biens semi-durables;106,5491;106,6187;98,8895;98,6754;95,8066;95,8244;96,4676;94,251;97,8038;99,5874;100,4136;102,0628;97,2671;94,6938;93,1401;93,7767;92,8103;91,5396;94,3179;95,0985;96,7732;96,6175;97,5281;100,9304;100,8216;100,6656
        Biens durables;143,6697;144,0372;142,1636;139,7816;138,133;136,1749;135,1152;134,1413;132,7224;130,8334;128,5312;125,6417;115,7278;111,2952;108,7745;106,9972;102,4259;99,0815;97,819;99,7898;99,2257;100,2742;103,5946;108,0674;106,0106;102,9893
    Services;85,4808;86,5207;88,1163;89,2719;89,782;91,1696;91,5745;92,6778;93,7441;95,4811;96,3991;97,1364;97,6583;98,2147;98,6925;99,2401;98,8686;99,2118;99,6282;100,1395;100,5162;100,0638;101,1808;102,4826;104,4015;106,2801
        Services privés;84,3931;85,8665;87,5342;88,5254;88,924;90,2255;90,5508;91,5972;92,6696;94,5984;95,5466;96,0672;96,5741;97,0211;97,6766;98,4665;98,1289;98,6136;99,3339;99,9214;100,5563;100,0799;101,4271;102,7755;104,9649;107,2572
        Services publics;90,5205;89,5217;90,6961;92,8289;94,0057;95,8946;96,7815;98,1755;99,2011;99,8289;100,5612;102,5794;103,1851;104,359;103,842;103,0171;102,4573;102,1631;101,132;101,2545;100,3149;99,9938;100,1088;101,2032;101,9253;101,989
    Produits indigènes;87,3721;88,5917;90,2334;91,1042;91,7594;92,7548;93,0178;93,8417;94,9935;96,6307;97,4418;98,0469;98,1142;98,353;98,8085;99,4176;98,8226;99,0567;99,3957;99,9844;100,2981;100,1652;101,0967;103,7339;105,7896;106,8246
    Produits importés;109,1861;110,2947;106,5835;107,1509;105,6484;107,2265;111,9465;109,816;116,0015;111,5962;113,2066;112,4259;108,8598;106,9693;105,8294;101,9706;98,5936;99,2825;101,2948;101,7577;101,5759;99,6993;103,6901;109,1238;108,1055;106,5028
    Santé;102,8063;103,2368;103,6386;104,4915;105,2513;106,1932;106,61;106,0165;106,07;105,9654;106,5734;105,8095;105,6287;104,6181;103,6293;103,3541;102,9825;102,3166;101,389;101,1518;100,2954;100,0539;99,4895;99,0889;98,7578;98,1984
    Indice sans santé;90,8779;92,164;92,6599;93,442;93,5042;94,679;96,0651;96,2982;99,076;99,2571;100,3476;100,7843;99,8827;99,7304;99,967;99,444;98,0227;98,5458;99,5666;100,2633;100,6601;100,0556;102,1759;106,274;107,9417;108,5641
    Loyer du logement;77,1847;79,4888;80,8765;81,3086;81,576;83,2822;84,0903;85,926;87,7208;90,4239;91,7725;93,0343;94,047;94,054;95,3418;96,3794;96,4506;97,5688;98,2655;98,6785;99,6271;100;101,3347;102,8271;105,3166;108,8501
    Indice sans loyer du logement;96,5865;97,4128;97,6151;98,5177;98,6498;99,6266;100,9918;100,6089;103,1349;102,6115;103,5541;103,5713;102,3013;101,9615;101,7167;100,871;99,2917;99,459;100,201;100,7959;100,8279;100,0692;101,7969;105,5798;106,6549;106,3731
    Produits pétroliers;79,9641;84,2997;76,5971;83,1033;80,1916;88,2344;110,7987;105,034;132,9477;98,3141;113,7474;121,4816;131,338;130,089;130,0021;105,1359;93,7804;109,7422;115,1694;113,8148;116,2646;104,6885;130,5634;143,3189;134,8285;132,4335
    Indice sans produits pétroliers;93,586;94,6767;95,5679;96,1068;96,4105;97,2183;97,4962;97,8458;99,097;100,585;100,9892;101,0039;99,8165;99,5778;99,637;99,9204;98,9597;98,848;99,4448;100,0506;100,1933;99,9398;100,9914;104,1332;105,6847;106,1779
    Tabacs;52,1231;53,4615;55,6634;55,7197;60,6695;61,9239;70,0163;70,2646;74,8484;76,6871;81,2873;84,4158;88,2311;90,2893;93,394;95,6971;96,5238;96,7508;97,991;98,3197;98,6548;100,0535;101,4382;101,9892;103,3132;104,9312
    Indice sans tabacs;92,9835;94,1777;94,6387;95,4455;95,5502;96,6959;97,865;97,9638;100,3118;100,4362;101,435;101,6936;100,8527;100,5635;100,5936;100,0881;98,8008;99,1481;99,8728;100,4359;100,6368;100,0553;101,7099;105,1003;106,4442;106,8507
    Boissons alcoolisées;84,1217;85,3008;87,0647;87,6617;87,7188;90,1366;90,2258;91,1407;92,9002;95,3607;95,9713;96,9123;97,0876;97,835;97,6843;98,4027;97,5993;97,4761;97,9695;99,4412;100,6142;100,4198;101,0308;104,5382;105,5141;106,4895
    Indice sans boissons alcoolisées;92,7837;93,9837;94,4348;95,2385;95,4058;96,5201;97,7923;97,8722;100,2577;100,3402;101,3766;101,6434;100,8187;100,5247;100,582;100,0667;98,7898;99,1446;99,8844;100,4214;100,6026;100,0477;101,718;105,053;106,4038;106,8221
    Habillement et chaussures;...;101,9452;88,2039;89,2506;84,8059;85,0732;85,9757;82,8189;88,5653;91,5849;92,8401;96,8508;90,5795;86,6182;84,5652;86,1068;86,9144;86,2772;91,356;92,0232;94,2252;93,3493;93,2485;96,4804;96,7087;96,6204
    Indice sans habillement et chaussures;...;93,3992;94,5484;95,3676;95,762;96,902;98,1558;98,4544;100,6339;100,6577;101,6562;101,7352;101,174;101,0446;101,1986;100,6243;99,2596;99,6539;100,1749;100,7202;100,8267;100,2458;101,941;105,3058;106,7015;107,1079
    Inflation sous-jacente 1;...;95,0697;95,6234;96,2936;96,6248;97,6157;97,7013;97,8836;99,0596;100,4814;100,9865;100,9666;99,9169;99,5013;99,3964;99,7667;98,8814;98,6647;99,1423;99,6029;99,8385;99,8375;100,6351;102,8143;104,0458;104,9464
    Produits frais et saisonniers;...;94,1693;101,8577;101,2525;102,0288;100,7818;102,8878;105,5989;107,8077;108,6929;106,4204;103,8274;99,9972;103,2952;105,8314;103,1244;101,3889;103,7761;104,8455;107,0676;106,1851;101,4187;101,6298;106,6155;109,2764;107,8349
    Energie et carburants;...;83,173;78,3549;81,7659;79,455;83,7566;97,0121;94,4241;110,9152;94,6263;104,209;110,2965;114,7384;113,7249;114,2127;102,2201;95,5002;103,2458;107,6478;108,3169;108,9706;102,4895;120,1847;144,2471;146,6732;139,0457
